Channel Number,Channel Name,Title,Release Year
1001,Dizzy Channel,16 Wishes,2010
1001,Dizzy Channel,A.N.T. Farm,2011
1001,Dizzy Channel,Alley Cats Strike,2000
1001,Dizzy Channel,American Dragon: Jake Long,2005
1001,Dizzy Channel,Amphibia,2019
1001,Dizzy Channel,Andi Mack,2017
1001,Dizzy Channel,Austin & Ally,2011
1001,Dizzy Channel,Avalon High,2010
1001,Dizzy Channel,Big City Greens,2018
1001,Dizzy Channel,Blank Check,1994
1001,Dizzy Channel,Brink!,1998
1001,Dizzy Channel,Bug Juice,1998
1001,Dizzy Channel,Bunk'd,2015
1001,Dizzy Channel,Cadet Kelly,2002
1001,Dizzy Channel,Camp Rock,2008
1001,Dizzy Channel,Camp Rock 2: The Final Jam,2010
1001,Dizzy Channel,Chip 'n Dale Rescue Rangers,1989
1001,Dizzy Channel,Cory in the House,2007
1001,Dizzy Channel,Descendants,2015
1001,Dizzy Channel,Descendants 2,2017
1001,Dizzy Channel,Descendants 3,2019
1001,Dizzy Channel,Descendants: The Rise of Red,2024
1001,Dizzy Channel,Descendants: Wicked World,2015
1001,Dizzy Channel,Dog with a Blog,2012
1001,Dizzy Channel,Elena of Avalor,2016
1001,Dizzy Channel,Even Stevens,2000
1001,Dizzy Channel,Fish Hooks,2010
1001,Dizzy Channel,Freaky Friday,2018
1001,Dizzy Channel,Get a Clue,2002
1001,Dizzy Channel,Girl Meets World,2014
1001,Dizzy Channel,Go Figure,2005
1001,Dizzy Channel,Good Luck Charlie,2010
1001,Dizzy Channel,Gravity Falls,2012
1001,Dizzy Channel,Halloweentown,1998
1001,Dizzy Channel,Halloweentown II: Kalabar's Revenge,2001
1001,Dizzy Channel,Hamster & Gretel,2022
1001,Dizzy Channel,Hannah Montana,2006
1001,Dizzy Channel,High School Musical,2006
1001,Dizzy Channel,High School Musical 2,2007
1001,Dizzy Channel,Hotel Transylvania: The Series,2017
1001,Dizzy Channel,Jessie,2011
1001,Dizzy Channel,Johnny Tsunami,1999
1001,Dizzy Channel,Jonas,2009
1001,Dizzy Channel,Jump In!,2007
1001,Dizzy Channel,K.C. Undercover,2015
1001,Dizzy Channel,Kiff,2023
1001,Dizzy Channel,Kim Possible,2002
1001,Dizzy Channel,Kim Possible Movie: So the Drama,2005
1001,Dizzy Channel,Lemonade Mouth,2011
1001,Dizzy Channel,Lilo & Stitch: The Series,2003
1001,Dizzy Channel,Liv and Maddie,2013
1001,Dizzy Channel,Lizzie McGuire,2001
1001,Dizzy Channel,Moon Girl and Devil Dinosaur,2023
1001,Dizzy Channel,Marvel's Moon Girl and Devil Dinosaur,2023
1001,Dizzy Channel,Phantom of the Megaplex,2000
1001,Dizzy Channel,Phil of the Future,2004
1001,Dizzy Channel,Phineas and Ferb,2007
1001,Dizzy Channel,Phineas and Ferb the Movie: Across the 2nd Dimension,2011
1001,Dizzy Channel,Pixel Perfect,2004
1001,Dizzy Channel,Princess Protection Program,2009
1001,Dizzy Channel,Rapunzel's Tangled Adventure,2017
1001,Dizzy Channel,Raven's Home,2017
1001,Dizzy Channel,Shake It Up,2010
1001,Dizzy Channel,Smart House,1999
1001,Dizzy Channel,Sneakerella,2022
1001,Dizzy Channel,So Weird,1999
1001,Dizzy Channel,Sonny with a Chance,2009
1001,Dizzy Channel,Spin,2021
1001,Dizzy Channel,Star vs. the Forces of Evil,2015
1001,Dizzy Channel,Starstruck,2010
1001,Dizzy Channel,Stuck in the Middle,2016
1001,Dizzy Channel,Stuck in the Suburbs,2004
1001,Dizzy Channel,Tangled: The Series,2017
1001,Dizzy Channel,Teen Beach Movie,2013
1001,Dizzy Channel,That's So Raven,2003
1001,Dizzy Channel,The Cheetah Girls,2003
1001,Dizzy Channel,The Cheetah Girls: One World,2008
1001,Dizzy Channel,The Color of Friendship,2000
1001,Dizzy Channel,The Even Stevens Movie,2003
1001,Dizzy Channel,The Famous Jett Jackson,1998
1001,Dizzy Channel,The Ghost and Molly McGee,2021
1001,Dizzy Channel,The Owl House,2020
1001,Dizzy Channel,The Proud Family,2001
1001,Dizzy Channel,The Suite Life of Zack & Cody,2005
1001,Dizzy Channel,The Villains of Valley View,2022
1001,Dizzy Channel,Tiger Cruise,2004
1001,Dizzy Channel,Twitches,2005
1001,Dizzy Channel,Twitches Too,2007
1001,Dizzy Channel,Under Wraps,1997
1001,Dizzy Channel,Under Wraps (Remake),2021
1001,Dizzy Channel,Under Wraps,2021
1001,Dizzy Channel,Upside-Down Magic,2020
1001,Dizzy Channel,Wendy Wu: Homecoming Warrior,2006
1001,Dizzy Channel,Wizards Beyond Waverly Place,2024
1001,Dizzy Channel,Wizards of Waverly Place,2007
1001,Dizzy Channel,Wizards of Waverly Place: The Movie,2009
1001,Dizzy Channel,ZOMBIES,2018
1001,Dizzy Channel,ZOMBIES 2,2020
1001,Dizzy Channel,ZOMBIES 3,2022
1001,Dizzy Channel,ZOMBIES 4: Dawn of the Vampires,2025
1001,Dizzy Channel,Zenon: Girl of the 21st Century,1999
1001,Dizzy Channel,Zenon: The Zequel,2001
1001,Dizzy Channel,Zenon: Z3,2004
1002,Dizzy Junior,101 Dalmatians: The Series,1997
1002,Dizzy Junior,Alice's Wonderland Bakery,2022
1002,Dizzy Junior,Ariel,2024
1002,Dizzy Junior,Disney Jr.'s Ariel,2024
1002,Dizzy Junior,Bluey,2018
1002,Dizzy Junior,Chuggington,2008
1002,Dizzy Junior,Dino Ranch,2021
1002,Dizzy Junior,Doc McStuffins,2012
1002,Dizzy Junior,Eureka!,2022
1002,Dizzy Junior,Fancy Nancy,2018
1002,Dizzy Junior,Firebuds,2022
1002,Dizzy Junior,Gigantosaurus,2019
1002,Dizzy Junior,Handy Manny,2006
1002,Dizzy Junior,Imagination Movers,2008
1002,Dizzy Junior,Jake and the Never Land Pirates,2011
1002,Dizzy Junior,Jungle Junction,2009
1002,Dizzy Junior,Little Einsteins,2005
1002,Dizzy Junior,Mickey Mouse Clubhouse,2006
1002,Dizzy Junior,Mickey Mouse Funhouse,2021
1002,Dizzy Junior,Mickey Mouse: Mixed-Up Adventures,2019
1002,Dizzy Junior,Miles from Tomorrowland,2015
1002,Dizzy Junior,Minnie's Bow-Toons,2011
1002,Dizzy Junior,"Mira, Royal Detective",2020
1002,Dizzy Junior,Muppet Babies (2018),2018
1002,Dizzy Junior,Octonauts,2010
1002,Dizzy Junior,PJ Masks,2015
1002,Dizzy Junior,Puppy Dog Pals,2017
1002,Dizzy Junior,Pupstruction,2023
1002,Dizzy Junior,Sheriff Callie's Wild West,2014
1002,Dizzy Junior,Sofia the First,2013
1002,Dizzy Junior,Special Agent Oso,2009
1002,Dizzy Junior,Spidey and His Amazing Friends,2021
1002,Dizzy Junior,Star Wars: Young Jedi Adventures,2023
1002,Dizzy Junior,SuperKitties,2023
1002,Dizzy Junior,T.O.T.S.,2019
1002,Dizzy Junior,The Lion Guard,2015
1002,Dizzy Junior,The Rocketeer,2019
1002,Dizzy Junior,Vampirina,2017
1003,DizzyXD,101 Dalmatians: The Series,1997
1003,DizzyXD,Big Hero 6: The Series,2017
1003,DizzyXD,Camp Lakebottom,2013
1003,DizzyXD,DuckTales (2017),2017
1003,DizzyXD,Eye Wonder,2021
1003,DizzyXD,Gravity Falls,2012
1003,DizzyXD,Jimmy Two-Shoes,2009
1003,DizzyXD,Kick Buttowski: Suburban Daredevil,2010
1003,DizzyXD,Kickin' It,2011
1003,DizzyXD,LEGO Star Wars,2016
1003,DizzyXD,LEGO Star Wars: The Freemaker Adventures,2016
1003,DizzyXD,Lab Rats,2012
1003,DizzyXD,Marvel's Avengers Assemble,2013
1003,DizzyXD,Marvel's Avengers,2013
1003,DizzyXD,Marvel's Guardians of the Galaxy,2015
1003,DizzyXD,Marvel's Spider-Man,2017
1003,DizzyXD,Mighty Med,2013
1003,DizzyXD,Milo Murphy's Law,2016
1003,DizzyXD,Pair of Kings,2010
1003,DizzyXD,Penn Zero: Part-Time Hero,2014
1003,DizzyXD,Phineas and Ferb,2007
1003,DizzyXD,Randy Cunningham: 9th Grade Ninja,2012
1003,DizzyXD,Slugterra,2012
1003,DizzyXD,Star Wars Rebels,2014
1003,DizzyXD,Star Wars Resistance,2018
1003,DizzyXD,Star vs. the Forces of Evil,2015
1003,DizzyXD,The Avengers: Earth's Mightiest Heroes,2010
1003,DizzyXD,The Spectacular Spider-Man,2008
1003,DizzyXD,Tron: Uprising,2012
1003,DizzyXD,Ultimate Spider-Man,2012
1003,DizzyXD,Marvel's Ultimate Spider-Man,2012
1003,DizzyXD,Wander Over Yonder,2013
1003,DizzyXD,Zeke and Luther,2009
1004,Toon Dizzy,101 Dalmatians,1961
1004,Toon Dizzy,One Hundred and One Dalmatians,1961
1004,Toon Dizzy,101 Dalmatians 2: Patch's London Adventure,2002
1004,Toon Dizzy,101 Dalmatians: The Series,1997
1004,Toon Dizzy,A Bug's Life,1998
1004,Toon Dizzy,A Goofy Movie,1995
1004,Toon Dizzy,Aladdin,1992
1004,Toon Dizzy,Aladdin,1994
1004,Toon Dizzy,Aladdin and the King of Thieves,1996
1004,Toon Dizzy,Alice in Wonderland,1951
1004,Toon Dizzy,American Dragon: Jake Long,2005
1004,Toon Dizzy,Atlantis: The Lost Empire,2001
1004,Toon Dizzy,Bambi,1942
1004,Toon Dizzy,Beauty and the Beast,1991
1004,Toon Dizzy,Beauty and the Beast: The Enchanted Christmas,1997
1004,Toon Dizzy,Beyond Infinity: Buzz and the Journey to Lightyear,2022
1004,Toon Dizzy,Big Hero 6,2014
1004,Toon Dizzy,Bolt,2008
1004,Toon Dizzy,Bonkers,1993
1004,Toon Dizzy,Brandy & Mr. Whiskers,2004
1004,Toon Dizzy,Brave,2012
1004,Toon Dizzy,Brother Bear,2003
1004,Toon Dizzy,Brother Bear 2,2006
1004,Toon Dizzy,Burrow,2020
1004,Toon Dizzy,Cars,2006
1004,Toon Dizzy,Cars 2,2011
1004,Toon Dizzy,Cars 3,2017
1004,Toon Dizzy,Chicken Little,2005
1004,Toon Dizzy,Chip 'n Dale: Rescue Rangers,1989
1004,Toon Dizzy,Cinderella,1950
1004,Toon Dizzy,Coco,2017
1004,Toon Dizzy,Darkwing Duck,1991
1004,Toon Dizzy,Dave the Barbarian,2004
1004,Toon Dizzy,Dinosaur,2000
1004,Toon Dizzy,Disney's Hercules,1998
1004,Toon Dizzy,DuckTales (1987),1987
1004,Toon Dizzy,DuckTales the Movie: Treasure of the Lost Lamp,1990
1004,Toon Dizzy,Dumbo,1941
1004,Toon Dizzy,Elemental,2023
1004,Toon Dizzy,Elio,2025
1004,Toon Dizzy,Encanto,2021
1004,Toon Dizzy,Fantasia,1940
1004,Toon Dizzy,Fantasia 2000,1999
1004,Toon Dizzy,Far from the Tree,2021
1004,Toon Dizzy,Fillmore!,2002
1004,Toon Dizzy,Finding Dory,2016
1004,Toon Dizzy,Finding Nemo,2003
1004,Toon Dizzy,Frozen,2013
1004,Toon Dizzy,Frozen II,2019
1004,Toon Dizzy,Gargoyles,1994
1004,Toon Dizzy,Geri's Game,1997
1004,Toon Dizzy,Goof Troop,1992
1004,Toon Dizzy,Hercules,1997
1004,Toon Dizzy,Home on the Range,2004
1004,Toon Dizzy,House of Mouse,2001
1004,Toon Dizzy,Disney's House of Mouse,2001
1004,Toon Dizzy,Incredibles 2,2018
1004,Toon Dizzy,Inside Out,2015
1004,Toon Dizzy,Inside Out 2,2024
1004,Toon Dizzy,Jack-Jack Attack,2005
1004,Toon Dizzy,Jungle Cubs,1996
1004,Toon Dizzy,Kim Possible: A Sitch in Time,2003
1004,Toon Dizzy,Kim Possible: So the Drama,2005
1004,Toon Dizzy,Knick Knack,1989
1004,Toon Dizzy,Lady and the Tramp,1955
1004,Toon Dizzy,Lamp Life,2020
1004,Toon Dizzy,Leroy & Stitch,2006
1004,Toon Dizzy,Lifted,2006
1004,Toon Dizzy,Lightyear,2022
1004,Toon Dizzy,Lilo & Stitch 2: Stitch Has a Glitch,2005
1004,Toon Dizzy,Lilo & Stitch: The Series,2003
1004,Toon Dizzy,Lloyd in Space,2001
1004,Toon Dizzy,Luca,2021
1004,Toon Dizzy,Luxo Jr.,1986
1004,Toon Dizzy,Marsupilami,1993
1004,Toon Dizzy,Meet the Robinsons,2007
1004,Toon Dizzy,Mickey's Magical Christmas: Snowed in at the House of Mouse,2001
1004,Toon Dizzy,Mickey's Once Upon a Christmas,1999
1004,Toon Dizzy,Mighty Ducks: The Animated Series,1996
1004,Toon Dizzy,Moana,2016
1004,Toon Dizzy,Moana 2,2024
1004,Toon Dizzy,Monsters University,2013
1004,Toon Dizzy,"Monsters, Inc.",2001
1004,Toon Dizzy,Mulan,1998
1004,Toon Dizzy,Olaf's Frozen Adventure,2017
1004,Toon Dizzy,Oliver & Company,1988
1004,Toon Dizzy,Once Upon a Studio,2023
1004,Toon Dizzy,Onward,2020
1004,Toon Dizzy,Out,2020
1004,Toon Dizzy,Paperman,2012
1004,Toon Dizzy,Partly Cloudy,2009
1004,Toon Dizzy,Pepper Ann,1997
1004,Toon Dizzy,Peter Pan,1953
1004,Toon Dizzy,Phineas and Ferb the Movie: Candace Against the Universe,2020
1004,Toon Dizzy,Pinocchio,1940
1004,Toon Dizzy,Piper,2016
1004,Toon Dizzy,Pocahontas,1995
1004,Toon Dizzy,Pooh's Grand Adventure: The Search for Christopher Robin,1997
1004,Toon Dizzy,Pooh's Heffalump Halloween Movie,2005
1004,Toon Dizzy,Presto,2008
1004,Toon Dizzy,Quack Pack,1996
1004,Toon Dizzy,Ralph Breaks the Internet,2018
1004,Toon Dizzy,Ratatouille,2007
1004,Toon Dizzy,Raw Toonage,1992
1004,Toon Dizzy,Raya and the Last Dragon,2021
1004,Toon Dizzy,Recess,1997
1004,Toon Dizzy,Red's Dream,1987
1004,Toon Dizzy,Robin Hood,1973
1004,Toon Dizzy,Roller Coaster Rabbit,1990
1004,Toon Dizzy,Sleeping Beauty,1959
1004,Toon Dizzy,Snow White and the Seven Dwarfs,1937
1004,Toon Dizzy,Soul,2020
1004,Toon Dizzy,Stitch! The Movie,2003
1004,Toon Dizzy,Strange World,2022
1004,Toon Dizzy,TaleSpin,1990
1004,Toon Dizzy,Tangled,2010
1004,Toon Dizzy,Tarzan,1999
1004,Toon Dizzy,Teacher's Pet,2000
1004,Toon Dizzy,Teamo Supremo,2002
1004,Toon Dizzy,The Aristocats,1970
1004,Toon Dizzy,The Black Cauldron,1985
1004,Toon Dizzy,The Blue Umbrella,2013
1004,Toon Dizzy,The Emperor's New Groove,2000
1004,Toon Dizzy,The Emperor's New School,2006
1004,Toon Dizzy,The Fox and the Hound,1981
1004,Toon Dizzy,The Good Dinosaur,2015
1004,Toon Dizzy,The Great Mouse Detective,1986
1004,Toon Dizzy,The Hunchback of Notre Dame,1996
1004,Toon Dizzy,The Incredibles,2004
1004,Toon Dizzy,The Jungle Book,1967
1004,Toon Dizzy,The Legend of Tarzan,2001
1004,Toon Dizzy,The Lion King,1994
1004,Toon Dizzy,The Lion King 1½,2004
1004,Toon Dizzy,The Lion King II: Simba's Pride,1998
1004,Toon Dizzy,The Little Mermaid,1989
1004,Toon Dizzy,The Little Mermaid,1992
1004,Toon Dizzy,The Princess and the Frog,2009
1004,Toon Dizzy,The Replacements,2006
1004,Toon Dizzy,The Rescuers,1977
1004,Toon Dizzy,The Rescuers Down Under,1990
1004,Toon Dizzy,The Return of Jafar,1994
1004,Toon Dizzy,The Sword in the Stone,1963
1004,Toon Dizzy,The Weekenders,2000
1004,Toon Dizzy,Timon & Pumbaa,1995
1004,Toon Dizzy,Tin Toy,1988
1004,Toon Dizzy,Toy Story,1995
1004,Toon Dizzy,Toy Story 2,1999
1004,Toon Dizzy,Toy Story 3,2010
1004,Toon Dizzy,Toy Story 4,2019
1004,Toon Dizzy,Toy Story Toons: Hawaiian Vacation,2011
1004,Toon Dizzy,Hawaiian Vacation,2011
1004,Toon Dizzy,Toy Story of Terror,2013
1004,Toon Dizzy,Trail Mix-Up,1993
1004,Toon Dizzy,Turning Red,2022
1004,Toon Dizzy,Up,2009
1004,Toon Dizzy,Us Again,2021
1004,Toon Dizzy,WALL·E,2008
1004,Toon Dizzy,Winnie the Pooh,2011
1004,Toon Dizzy,Winnie the Pooh: A Very Merry Pooh Year,2002
1004,Toon Dizzy,Winnie the Pooh: Seasons of Giving,1999
1004,Toon Dizzy,Winnie the Pooh: Springtime with Roo,2004
1004,Toon Dizzy,Wish,2023
1004,Toon Dizzy,Wreck-It Ralph,2012
1004,Toon Dizzy,Zootopia,2016
1004,Toon Dizzy,Zootopia 2,2025
1005,Playhome Dizzy,101 Dalmatians: The Series,1997
1005,Playhome Dizzy,Bear in the Big Blue House,1997
1005,Playhome Dizzy,Breakfast with Bear,2003
1005,Playhome Dizzy,Bunnytown,2007
1005,Playhome Dizzy,Charlie and Lola,2005
1005,Playhome Dizzy,Handy Manny,2006
1005,Playhome Dizzy,Higglytown Heroes,2004
1005,Playhome Dizzy,House of Mouse,2001
1005,Playhome Dizzy,Disney's House of Mouse,2001
1005,Playhome Dizzy,JoJo's Circus,2003
1005,Playhome Dizzy,Johnny and the Sprites,2005
1005,Playhome Dizzy,Johnny and the Sprites,2007
1005,Playhome Dizzy,Little Bear,1995
1005,Playhome Dizzy,Little Einsteins,2005
1005,Playhome Dizzy,Madeline,1993
1005,Playhome Dizzy,Mickey Mouse Clubhouse,2006
1005,Playhome Dizzy,My Friends Tigger & Pooh,2007
1005,Playhome Dizzy,Out of the Box,1998
1005,Playhome Dizzy,PB&J Otter,1998
1005,Playhome Dizzy,Rolie Polie Olie,1998
1005,Playhome Dizzy,Sing Me a Story with Belle,1995
1005,Playhome Dizzy,Stanley,2001
1005,Playhome Dizzy,The Book of Pooh,2001
1005,Playhome Dizzy,The Doodlebops,2004
1005,Playhome Dizzy,The Koala Brothers,2003
1005,Playhome Dizzy,The New Adventures of Winnie the Pooh,1988
1005,Playhome Dizzy,The Wiggles,1998
1006,Cartoon Net,Adventure Time,2010
1006,Cartoon Net,"Aloha, Scooby-Doo!",2005
1006,Cartoon Net,"Be Cool, Scooby-Doo!",2015
1006,Cartoon Net,Ben 10,2005
1006,Cartoon Net,Beware the Batman,2013
1006,Cartoon Net,Camp Lazlo,2005
1006,Cartoon Net,"Chill Out, Scooby-Doo!",2007
1006,Cartoon Net,Chop Socky Chooks,2008
1006,Cartoon Net,Chowder,2007
1006,Cartoon Net,Clarence,2014
1006,Cartoon Net,Codename: Kids Next Door,2002
1006,Cartoon Net,Courage the Cowardly Dog,1999
1006,Cartoon Net,Cow and Chicken,1997
1006,Cartoon Net,Craig of the Creek,2018
1006,Cartoon Net,Dexter's Laboratory,1996
1006,Cartoon Net,Dragons,2012
1006,Cartoon Net,"Ed, Edd n Eddy",1999
1006,Cartoon Net,Foster's Home for Imaginary Friends,2004
1006,Cartoon Net,Generator Rex,2010
1006,Cartoon Net,Green Lantern: The Animated Series,2011
1006,Cartoon Net,"Happy Halloween, Scooby-Doo!",2020
1006,Cartoon Net,I Am Weasel,1997
1006,Cartoon Net,Infinity Train,2019
1006,Cartoon Net,Jellystone!,2021
1006,Cartoon Net,Johnny Bravo,1997
1006,Cartoon Net,Justice League,2001
1006,Cartoon Net,Lego Scooby-Doo! Blowout Beach Bash,2017
1006,Cartoon Net,Lego Scooby-Doo! Knight Time Terror,2015
1006,Cartoon Net,Lego Scooby-Doo!: Haunted Hollywood,2016
1006,Cartoon Net,Marvel's Ultimate Spider-Man,2012
1006,Cartoon Net,My Gym Partner's a Monkey,2005
1006,Cartoon Net,My Little Pony: Tell Your Tale,2022
1006,Cartoon Net,New Looney Tunes,2015
1006,Cartoon Net,OK K.O.! Let's Be Heroes,2017
1006,Cartoon Net,Over the Garden Wall,2014
1006,Cartoon Net,Pokémon,1997
1006,Cartoon Net,Regular Show,2010
1006,Cartoon Net,Robotboy,2005
1006,Cartoon Net,Samurai Jack,2001
1006,Cartoon Net,Scoob!,2020
1006,Cartoon Net,Scooby Goes Hollywood,1979
1006,Cartoon Net,Scooby-Doo,2002
1006,Cartoon Net,Scooby-Doo & Batman: The Brave and the Bold,2018
1006,Cartoon Net,Scooby-Doo 2: Monsters Unleashed,2004
1006,Cartoon Net,Scooby-Doo Meets the Boo Brothers,1987
1006,Cartoon Net,Scooby-Doo and Guess Who?,2019
1006,Cartoon Net,Scooby-Doo and the Alien Invaders,2000
1006,Cartoon Net,Scooby-Doo and the Cyber Chase,2001
1006,Cartoon Net,Scooby-Doo and the Ghoul School,1988
1006,Cartoon Net,Scooby-Doo and the Goblin King,2008
1006,Cartoon Net,Scooby-Doo and the Legend of the Vampire,2003
1006,Cartoon Net,Scooby-Doo and the Loch Ness Monster,2004
1006,Cartoon Net,Scooby-Doo and the Monster of Mexico,2003
1006,Cartoon Net,Scooby-Doo and the Reluctant Werewolf,1988
1006,Cartoon Net,Scooby-Doo and the Samurai Sword,2008
1006,Cartoon Net,Scooby-Doo and the Witch's Ghost,1999
1006,Cartoon Net,Scooby-Doo in Arabian Nights,1994
1006,Cartoon Net,Scooby-Doo in Where's My Mummy?,2005
1006,Cartoon Net,Scooby-Doo on Zombie Island,1998
1006,Cartoon Net,Scooby-Doo! Abracadabra-Doo,2009
1006,Cartoon Net,Scooby-Doo! Camp Scare,2010
1006,Cartoon Net,Scooby-Doo! Curse of the Lake Monster,2010
1006,Cartoon Net,Scooby-Doo! Frankencreepy,2014
1006,Cartoon Net,Scooby-Doo! Legend of the Phantosaur,2011
1006,Cartoon Net,Scooby-Doo! Mask of the Blue Falcon,2012
1006,Cartoon Net,Scooby-Doo! Mecha Mutt Menace,2013
1006,Cartoon Net,Scooby-Doo! Moon Monster Madness,2015
1006,Cartoon Net,Scooby-Doo! Music of the Vampire,2012
1006,Cartoon Net,Scooby-Doo! Mystery Incorporated,2010
1006,Cartoon Net,Scooby-Doo! Pirates Ahoy!,2006
1006,Cartoon Net,Scooby-Doo! Shaggy's Showdown,2017
1006,Cartoon Net,Scooby-Doo! Stage Fright,2013
1006,Cartoon Net,Scooby-Doo! The Mystery Begins,2009
1006,Cartoon Net,Scooby-Doo! The Sword and the Scoob,2021
1006,Cartoon Net,Scooby-Doo! WrestleMania Mystery,2014
1006,Cartoon Net,Scooby-Doo! and the Curse of the 13th Ghost,2019
1006,Cartoon Net,Scooby-Doo! and the Gourmet Ghost,2018
1006,Cartoon Net,Scooby-Doo! and the Spooky Scarecrow,2013
1006,Cartoon Net,Scooby-Doo's Creepiest Capers,2000
1006,Cartoon Net,Scooby-Doo's Greatest Mysteries,1999
1006,Cartoon Net,Scooby-Doo's Original Mysteries,2000
1006,Cartoon Net,Scooby-Doo's Spookiest Tales,2001
1006,Cartoon Net,"Scooby-Doo, Where Are You!",1969
1006,Cartoon Net,Scooby-Doo: Return to Zombie Island,2019
1006,Cartoon Net,Space Ghost Coast to Coast,1994
1006,Cartoon Net,Star Wars: The Clone Wars,2008
1006,Cartoon Net,Steven Universe,2013
1006,Cartoon Net,Straight Outta Nowhere: Scooby-Doo! Meets Courage the Cowardly Dog,2021
1006,Cartoon Net,Summer Camp Island,2018
1006,Cartoon Net,Survive This,2009
1006,Cartoon Net,Sym-Bionic Titan,2010
1006,Cartoon Net,Teen Titans,2003
1006,Cartoon Net,Teen Titans Go!,2013
1006,Cartoon Net,The 13 Ghosts of Scooby-Doo,1985
1006,Cartoon Net,The Amazing World of Gumball,2011
1006,Cartoon Net,The Grim Adventures of Billy & Mandy,2003
1006,Cartoon Net,The Grim Adventures of Billy and Mandy,2001
1006,Cartoon Net,The Land Before Time,1988
1006,Cartoon Net,The Life and Times of Juniper Lee,2005
1006,Cartoon Net,The Looney Tunes Show,2011
1006,Cartoon Net,The Marvelous Misadventures of Flapjack,2008
1006,Cartoon Net,The Powerpuff Girls,1998
1006,Cartoon Net,The Scooby-Doo Show,1976
1006,Cartoon Net,The Secret Saturdays,2008
1006,Cartoon Net,The Tom and Jerry Show (2014),2014
1006,Cartoon Net,The Wonderfully Weird World of Gumball,2025
1006,Cartoon Net,Total Drama Island,2007
1006,Cartoon Net,Total DramaRama,2018
1006,Cartoon Net,Transformers: Animated,2007
1006,Cartoon Net,Transformers: Robots in Disguise (2015),2015
1006,Cartoon Net,Uncle Grandpa,2013
1006,Cartoon Net,Victor and Valentino,2019
1006,Cartoon Net,We Bare Bears,2015
1006,Cartoon Net,What's New Scooby-Doo?,2002
1006,Cartoon Net,Young Justice,2010
1007,Boomer-Rang,A Pup Named Scooby-Doo,1988
1007,Boomer-Rang,"Aloha, Scooby-Doo!",2005
1007,Boomer-Rang,Baby Looney Tunes,2002
1007,Boomer-Rang,"Be Cool, Scooby-Doo!",2015
1007,Boomer-Rang,Captain Caveman and the Teen Angels,1977
1007,Boomer-Rang,Captain Caveman and the Teen Angels,1980
1007,Boomer-Rang,"Chill Out, Scooby-Doo!",2007
1007,Boomer-Rang,Dastardly and Muttley in Their Flying Machines,1969
1007,Boomer-Rang,"Happy Halloween, Scooby-Doo!",2020
1007,Boomer-Rang,Hong Kong Phooey,1974
1007,Boomer-Rang,Huckleberry Hound,1958
1007,Boomer-Rang,The Huckleberry Hound Show,1958
1007,Boomer-Rang,Inspector Gadget,1983
1007,Boomer-Rang,Jabberjaw,1976
1007,Boomer-Rang,Jonny Quest,1964
1007,Boomer-Rang,Josie and the Pussycats,1970
1007,Boomer-Rang,Lego Scooby-Doo! Blowout Beach Bash,2017
1007,Boomer-Rang,Lego Scooby-Doo! Knight Time Terror,2015
1007,Boomer-Rang,Lego Scooby-Doo!: Haunted Hollywood,2016
1007,Boomer-Rang,Looney Tunes,1929
1007,Boomer-Rang,Looney Tunes and Merrie Melodies,1930
1007,Boomer-Rang,Magilla Gorilla,1964
1007,Boomer-Rang,The Magilla Gorilla Show,1964
1007,Boomer-Rang,Pinky and the Brain,1995
1007,Boomer-Rang,Popeye the Sailor,1933
1007,Boomer-Rang,Quick Draw McGraw,1959
1007,Boomer-Rang,The Quick Draw McGraw Show,1959
1007,Boomer-Rang,Richie Rich,1980
1007,Boomer-Rang,Road Runner and Wile E Coyote,1949
1007,Boomer-Rang,Scoob!,2020
1007,Boomer-Rang,Scooby Goes Hollywood,1979
1007,Boomer-Rang,Scooby-Doo,2002
1007,Boomer-Rang,Scooby-Doo & Batman: The Brave and the Bold,2018
1007,Boomer-Rang,Scooby-Doo 2: Monsters Unleashed,2004
1007,Boomer-Rang,Scooby-Doo Meets the Boo Brothers,1987
1007,Boomer-Rang,Scooby-Doo and Guess Who?,2019
1007,Boomer-Rang,Scooby-Doo and Scrappy-Doo,1979
1007,Boomer-Rang,Scooby-Doo and the Alien Invaders,2000
1007,Boomer-Rang,Scooby-Doo and the Cyber Chase,2001
1007,Boomer-Rang,Scooby-Doo and the Ghoul School,1988
1007,Boomer-Rang,Scooby-Doo and the Goblin King,2008
1007,Boomer-Rang,Scooby-Doo and the Legend of the Vampire,2003
1007,Boomer-Rang,Scooby-Doo and the Loch Ness Monster,2004
1007,Boomer-Rang,Scooby-Doo and the Monster of Mexico,2003
1007,Boomer-Rang,Scooby-Doo and the Reluctant Werewolf,1988
1007,Boomer-Rang,Scooby-Doo and the Samurai Sword,2008
1007,Boomer-Rang,Scooby-Doo and the Witch's Ghost,1999
1007,Boomer-Rang,Scooby-Doo in Arabian Nights,1994
1007,Boomer-Rang,Scooby-Doo in Where's My Mummy?,2005
1007,Boomer-Rang,Scooby-Doo on Zombie Island,1998
1007,Boomer-Rang,Scooby-Doo! Abracadabra-Doo,2009
1007,Boomer-Rang,Scooby-Doo! Camp Scare,2010
1007,Boomer-Rang,Scooby-Doo! Curse of the Lake Monster,2010
1007,Boomer-Rang,Scooby-Doo! Frankencreepy,2014
1007,Boomer-Rang,Scooby-Doo! Legend of the Phantosaur,2011
1007,Boomer-Rang,Scooby-Doo! Mask of the Blue Falcon,2012
1007,Boomer-Rang,Scooby-Doo! Mecha Mutt Menace,2013
1007,Boomer-Rang,Scooby-Doo! Moon Monster Madness,2015
1007,Boomer-Rang,Scooby-Doo! Music of the Vampire,2012
1007,Boomer-Rang,Scooby-Doo! Mystery Incorporated,2010
1007,Boomer-Rang,Scooby-Doo! Pirates Ahoy!,2006
1007,Boomer-Rang,Scooby-Doo! Shaggy's Showdown,2017
1007,Boomer-Rang,Scooby-Doo! Stage Fright,2013
1007,Boomer-Rang,Scooby-Doo! The Mystery Begins,2009
1007,Boomer-Rang,Scooby-Doo! The Sword and the Scoob,2021
1007,Boomer-Rang,Scooby-Doo! WrestleMania Mystery,2014
1007,Boomer-Rang,Scooby-Doo! and the Curse of the 13th Ghost,2019
1007,Boomer-Rang,Scooby-Doo! and the Gourmet Ghost,2018
1007,Boomer-Rang,Scooby-Doo! and the Spooky Scarecrow,2013
1007,Boomer-Rang,Scooby-Doo's Creepiest Capers,2000
1007,Boomer-Rang,Scooby-Doo's Greatest Mysteries,1999
1007,Boomer-Rang,Scooby-Doo's Original Mysteries,2000
1007,Boomer-Rang,Scooby-Doo's Spookiest Tales,2001
1007,Boomer-Rang,"Scooby-Doo, Where Are You!",1969
1007,Boomer-Rang,Scooby-Doo: Return to Zombie Island,2019
1007,Boomer-Rang,Snagglepuss,1961
1007,Boomer-Rang,Speed Buggy,1973
1007,Boomer-Rang,Straight Outta Nowhere: Scooby-Doo! Meets Courage the Cowardly Dog,2021
1007,Boomer-Rang,Teenage Mutant Ninja Turtles,1987
1007,Boomer-Rang,The 13 Ghosts of Scooby-Doo,1985
1007,Boomer-Rang,The Banana Splits Adventure Hour,1968
1007,Boomer-Rang,The Flintstones,1960
1007,Boomer-Rang,The Garfield Show,2008
1007,Boomer-Rang,The Herculoids,1967
1007,Boomer-Rang,The Jetsons,1962
1007,Boomer-Rang,The Perils of Penelope Pitstop,1969
1007,Boomer-Rang,The Scooby-Doo Show,1976
1007,Boomer-Rang,The Smurfs,1981
1007,Boomer-Rang,The Yogi Bear Show,1961
1007,Boomer-Rang,Tiny Toon Adventures,1990
1007,Boomer-Rang,Tom & Jerry Kids,1990
1007,Boomer-Rang,Tom & Jerry Kids Show,1990
1007,Boomer-Rang,Tom and Jerry,1940
1007,Boomer-Rang,Top Cat,1961
1007,Boomer-Rang,Wacky Races,1968
1007,Boomer-Rang,What's New Scooby-Doo?,2002
1008,Pennyodeon,Aaahh!!! Real Monsters,1994
1008,Pennyodeon,All Grown Up!,2003
1008,Pennyodeon,All That,1994
1008,Pennyodeon,Animorphs,1998
1008,Pennyodeon,Are You Afraid of the Dark? (2019),2019
1008,Pennyodeon,As Told by Ginger,2000
1008,Pennyodeon,Avatar: The Last Airbender,2005
1008,Pennyodeon,Big Nate,2022
1008,Pennyodeon,Big Time Rush,2009
1008,Pennyodeon,CatDog,1998
1008,Pennyodeon,Clarissa Explains It All,1991
1008,Pennyodeon,Danger Force,2020
1008,Pennyodeon,Danny Phantom,2004
1008,Pennyodeon,Doug,1991
1008,Pennyodeon,Drake & Josh,2004
1008,Pennyodeon,Erin & Aaron,2023
1008,Pennyodeon,Game Shakers,2015
1008,Pennyodeon,Good Burger,1997
1008,Pennyodeon,Henry Danger,2014
1008,Pennyodeon,Hey Arnold!,1996
1008,Pennyodeon,Invader Zim,2001
1008,Pennyodeon,Kenan & Kel,1996
1008,Pennyodeon,Kung Fu Panda: Legends of Awesomeness,2011
1008,Pennyodeon,My Life as a Teenage Robot,2003
1008,Pennyodeon,Ned's Declassified School Survival Guide,2004
1008,Pennyodeon,"Nicky, Ricky, Dicky & Dawn",2014
1008,Pennyodeon,Paw Patrol,2013
1008,Pennyodeon,Rise of the Teenage Mutant Ninja Turtles,2018
1008,Pennyodeon,Rocket Power,1999
1008,Pennyodeon,Rocko's Modern Life,1993
1008,Pennyodeon,Rugrats,1991
1008,Pennyodeon,Salute Your Shorts,1991
1008,Pennyodeon,Sam & Cat,2013
1008,Pennyodeon,SpongeBob SquarePants,1999
1008,Pennyodeon,Teenage Mutant Ninja Turtles (2012),2012
1008,Pennyodeon,The Adventures of Jimmy Neutron: Boy Genius,2002
1008,Pennyodeon,The Adventures of Pete & Pete,1993
1008,Pennyodeon,The Amanda Show,1999
1008,Pennyodeon,The Angry Beavers,1997
1008,Pennyodeon,The Casagrandes,2019
1008,Pennyodeon,The Fairly OddParents,2001
1008,Pennyodeon,The Legend of Korra,2012
1008,Pennyodeon,The Loud House,2016
1008,Pennyodeon,The Patrick Star Show,2021
1008,Pennyodeon,The Ren & Stimpy Show,1991
1008,Pennyodeon,The Secret World of Alex Mack,1994
1008,Pennyodeon,The SpongeBob Movie: Sponge Out of Water,2015
1008,Pennyodeon,The SpongeBob SquarePants Movie,2004
1008,Pennyodeon,The Thundermans,2013
1008,Pennyodeon,The Wild Thornberrys,1998
1008,Pennyodeon,The Wubbulous World of Dr. Seuss,1996
1008,Pennyodeon,Victorious,2010
1008,Pennyodeon,You Can't Do That on Television,1979
1008,Pennyodeon,Zoey 101,2005
1008,Pennyodeon,iCarly,2007
1009,Penny Jr.,Abby Hatcher,2019
1009,Penny Jr.,Allegra's Window,1994
1009,Penny Jr.,Baby Shark's Big Show!,2020
1009,Penny Jr.,Blaze and the Monster Machines,2014
1009,Penny Jr.,Blue's Clues,1996
1009,Penny Jr.,Blue's Clues & You!,2019
1009,Penny Jr.,Bubble Guppies,2011
1009,Penny Jr.,Butterbean's Café,2018
1009,Penny Jr.,Dora the Explorer,2000
1009,Penny Jr.,Franklin,1997
1009,Penny Jr.,"Go, Diego, Go!",2005
1009,Penny Jr.,Gullah Gullah Island,1994
1009,Penny Jr.,LazyTown,2004
1009,Penny Jr.,Little Bear,1995
1009,Penny Jr.,Little Bill,1999
1009,Penny Jr.,Max & Ruby,2002
1009,Penny Jr.,Miss Spider's Sunny Patch Friends,2004
1009,Penny Jr.,Nella the Princess Knight,2017
1009,Penny Jr.,"Ni Hao, Kai-lan",2007
1009,Penny Jr.,Oswald,2001
1009,Penny Jr.,PAW Patrol,2013
1009,Penny Jr.,Paddington,1975
1009,Penny Jr.,Peppa Pig,2004
1009,Penny Jr.,Rusty Rivets,2016
1009,Penny Jr.,Ryan's Mystery Playdate,2019
1009,Penny Jr.,Shimmer and Shine,2015
1009,Penny Jr.,Sunny Day,2017
1009,Penny Jr.,Team Umizoomi,2010
1009,Penny Jr.,The Adventures of Paddington,2019
1009,Penny Jr.,The Backyardigans,2004
1009,Penny Jr.,The Fresh Beat Band,2009
1009,Penny Jr.,Wallykazam!,2014
1009,Penny Jr.,Wonder Pets!,2006
1009,Penny Jr.,Wow! Wow! Wubbzy!,2006
1009,Penny Jr.,Yo Gabba Gabba!,2007
1010,P.B.Yes Tots,Alma's Way,2021
1010,P.B.Yes Tots,Arthur,1996
1010,P.B.Yes Tots,Barney & Friends,1992
1010,P.B.Yes Tots,Between the Lions,2000
1010,P.B.Yes Tots,Bill Nye: The Science Guy,1993
1010,P.B.Yes Tots,Bob the Builder,1997
1010,P.B.Yes Tots,Bob the Builder,1999
1010,P.B.Yes Tots,Caillou,1997
1010,P.B.Yes Tots,Clifford the Big Red Dog,2000
1010,P.B.Yes Tots,Curious George,2006
1010,P.B.Yes Tots,Cyberchase,2002
1010,P.B.Yes Tots,Daniel Tiger's Neighborhood,2012
1010,P.B.Yes Tots,Dinosaur Train,2009
1010,P.B.Yes Tots,Donkey Hodie,2021
1010,P.B.Yes Tots,Dragon Tales,1999
1010,P.B.Yes Tots,Elinor Wonders Why,2020
1010,P.B.Yes Tots,Lyla in the Loop,2024
1010,P.B.Yes Tots,Martha Speaks,2008
1010,P.B.Yes Tots,Masha and the Bear,2009
1010,P.B.Yes Tots,Mister Rogers' Neighborhood,1968
1010,P.B.Yes Tots,Molly of Denali,2019
1010,P.B.Yes Tots,Nature Cat,2015
1010,P.B.Yes Tots,Odd Squad,2014
1010,P.B.Yes Tots,Peg + Cat,2013
1010,P.B.Yes Tots,Pinkalicious & Peterrific,2018
1010,P.B.Yes Tots,Reading Rainbow,1983
1010,P.B.Yes Tots,Ready Jet Go!,2016
1010,P.B.Yes Tots,Rosie's Rules,2022
1010,P.B.Yes Tots,Sesame Street,1969
1010,P.B.Yes Tots,Sid the Science Kid,2008
1010,P.B.Yes Tots,Splash and Bubbles,2016
1010,P.B.Yes Tots,Super Why!,2007
1010,P.B.Yes Tots,Teletubbies,1997
1010,P.B.Yes Tots,The Berenstain Bears (1985),1985
1010,P.B.Yes Tots,The Cat in the Hat Knows a Lot About That!,2010
1010,P.B.Yes Tots,The Magic School Bus,1994
1010,P.B.Yes Tots,Thomas the Tank Engine & Friends,1984
1010,P.B.Yes Tots,Thomas & Friends,1984
1010,P.B.Yes Tots,Wild Kratts,2011
1010,P.B.Yes Tots,Wishbone,1995
1010,P.B.Yes Tots,WordGirl,2007
1010,P.B.Yes Tots,WordWorld,2007
1010,P.B.Yes Tots,Work It Out Wombats!,2023
1010,P.B.Yes Tots,Xavier Riddle and the Secret Museum,2019
1010,P.B.Yes Tots,Zoboomafoo,1999
1010,P.B.Yes Tots,Zoom,1999
1011,P.B.Yes,America's Test Kitchen,2001
1011,P.B.Yes,America's Test Kitchen From Cook's Illustrated,2001
1011,P.B.Yes,American Experience,1988
1011,P.B.Yes,American Masters,1986
1011,P.B.Yes,Antiques Roadshow,1997
1011,P.B.Yes,Ask This Old House,2002
1011,P.B.Yes,Austin City Limits,1975
1011,P.B.Yes,Baseball,1994
1011,P.B.Yes,Cook's Country,2008
1011,P.B.Yes,Country Music,2019
1011,P.B.Yes,Finding Your Roots,2012
1011,P.B.Yes,Frank Lloyd Wright,1998
1011,P.B.Yes,Frontline,1983
1011,P.B.Yes,Great Performances,1972
1011,P.B.Yes,How We Got to Now,2014
1011,P.B.Yes,Jackie Robinson,2016
1011,P.B.Yes,Jacques Pépin: Heart & Soul,2015
1011,P.B.Yes,Heart & Soul,2015
1011,P.B.Yes,Jazz,2001
1011,P.B.Yes,Lidia's Kitchen,2013
1011,P.B.Yes,Mark Twain,2002
1011,P.B.Yes,Mark Twain Prize for American Humor,1999
1011,P.B.Yes,Mark Twain Prize,1999
1011,P.B.Yes,Martha Stewart's Cooking School,2012
1011,P.B.Yes,Masterpiece,1971
1011,P.B.Yes,Nature,1982
1011,P.B.Yes,Nova,1974
1011,P.B.Yes,NOVA: The Planets,2019
1011,P.B.Yes,PBS NewsHour,1975
1011,P.B.Yes,PBS News Hour,1975
1011,P.B.Yes,Prohibition,2011
1011,P.B.Yes,Simply Ming,2003
1011,P.B.Yes,The Civil War,1990
1011,P.B.Yes,The National Parks: America's Best Idea,2009
1011,P.B.Yes,The Roosevelts: An Intimate History,2014
1011,P.B.Yes,The U.S. and the Holocaust,2022
1011,P.B.Yes,The Vietnam War,2017
1011,P.B.Yes,The War,2007
1011,P.B.Yes,The Woodwright's Shop,1979
1011,P.B.Yes,The Woodwright's Shop,1981
1011,P.B.Yes,This Old House,1979
1011,P.B.Yes,Thomas Jefferson,1997
1011,P.B.Yes,Unforgivable Blackness: The Rise and Fall of Jack Johnson,2005
1012,Meal Network,30 Minute Meals,2001
1012,Meal Network,Ace of Cakes,2006
1012,Meal Network,Barefoot Contessa,2002
1012,Meal Network,Beat Bobby Flay,2013
1012,Meal Network,Cake Wars,2015
1012,Meal Network,Chopped,2007
1012,Meal Network,Chopped,2009
1012,Meal Network,Cupcake Wars,2009
1012,Meal Network,Cutthroat Kitchen,2013
1012,Meal Network,"Diners, Drive-Ins and Dives",2006
1012,Meal Network,Duff Till Dawn,2015
1012,Meal Network,Everyday Italian,2003
1012,Meal Network,Food Network Star,2005
1012,Meal Network,Giada at Home,2008
1012,Meal Network,Girl Meets Farm,2018
1012,Meal Network,Good Eats,1999
1012,Meal Network,Gordon Ramsay's 24 Hours to Hell & Back,2018
1012,Meal Network,Guy's Grocery Games,2013
1012,Meal Network,Halloween Baking Championship,2015
1012,Meal Network,Holiday Baking Championship,2014
1012,Meal Network,Hotel Hell,2012
1012,Meal Network,Iron Chef America,2005
1012,Meal Network,Kids Baking Championship,2015
1012,Meal Network,Kitchen Nightmares,2007
1012,Meal Network,MasterChef (US),2010
1012,Meal Network,MasterChef,2010
1012,Meal Network,Paula's Home Cooking,2002
1012,Meal Network,Restaurant: Impossible,2011
1012,Meal Network,Spring Baking Championship,2015
1012,Meal Network,The Great Food Truck Race,2010
1012,Meal Network,The Kitchen,2014
1012,Meal Network,The Pioneer Woman,2011
1012,Meal Network,Throwdown with Bobby Flay,2006
1012,Meal Network,Trisha's Southern Kitchen,2012
1012,Meal Network,Unwrapped,2001
1012,Meal Network,Worst Cooks in America,2010
1013,TV World,All in the Family,1971
1013,TV World,Bewitched,1964
1013,TV World,Bonanza,1959
1013,TV World,Designing Women,1986
1013,TV World,Diff'rent Strokes,1978
1013,TV World,Everybody Loves Raymond,1996
1013,TV World,Family Ties,1982
1013,TV World,Gilligan's Island,1964
1013,TV World,Good Times,1974
1013,TV World,Green Acres,1965
1013,TV World,Growing Pains,1985
1013,TV World,Gunsmoke,1955
1013,TV World,Happy Days,1974
1013,TV World,Hogan's Heroes,1965
1013,TV World,Home Improvement,1991
1013,TV World,Hot in Cleveland,2010
1013,TV World,I Dream of Jeannie,1965
1013,TV World,I Love Lucy,1951
1013,TV World,Laverne & Shirley,1976
1013,TV World,Lost Survivors,2013
1013,TV World,M*A*S*H,1972
1013,TV World,Man v. Food,2008
1013,TV World,Night Court,1984
1013,TV World,Petticoat Junction,1963
1013,TV World,Roseanne,1988
1013,TV World,Sanford and Son,1972
1013,TV World,The Alaska Triangle,2020
1013,TV World,The Andy Griffith Show,1960
1013,TV World,The Beverly Hillbillies,1962
1013,TV World,The Bob Newhart Show,1972
1013,TV World,The Brady Bunch,1969
1013,TV World,The Cosby Show,1984
1013,TV World,The Dick Van Dyke Show,1961
1013,TV World,The Facts of Life,1979
1013,TV World,The Golden Girls,1985
1013,TV World,The Jeffersons,1975
1013,TV World,The King of Queens,1998
1013,TV World,The Mary Tyler Moore Show,1970
1013,TV World,Three's Company,1976
1013,TV World,WKRP in Cincinnati,1978
1013,TV World,"Walker, Texas Ranger",1993
1013,TV World,Younger,2015
1014,EF-X,Action Movies,Various
1014,EF-X,Alien: Earth,2025
1014,EF-X,American Crime Story,2016
1014,EF-X,American Horror Story,2011
1014,EF-X,American Sports Story,2024
1014,EF-X,American Sports Story: Aaron Hernandez,2024
1014,EF-X,Atlanta,2016
1014,EF-X,Baskets,2016
1014,EF-X,Better Things,2016
1014,EF-X,Damages,2007
1014,EF-X,English Teacher,2024
1014,EF-X,Fargo,2014
1014,EF-X,Feud,2017
1014,EF-X,Grotesquerie,2024
1014,EF-X,Justified,2010
1014,EF-X,Justified: City Primeval,2023
1014,EF-X,Legion,2017
1014,EF-X,Lights Out,2011
1014,EF-X,Louie,2010
1014,EF-X,Mayans M.C.,2018
1014,EF-X,Mr Inbetween,2018
1014,EF-X,Nip/Tuck,2003
1014,EF-X,Pose,2018
1014,EF-X,Rescue Me,2004
1014,EF-X,Reservation Dogs,2021
1014,EF-X,Shogun,2024
1014,EF-X,Shōgun,2024
1014,EF-X,Snowfall,2017
1014,EF-X,Sons of Anarchy,2008
1014,EF-X,Terriers,2010
1014,EF-X,The Americans,2013
1014,EF-X,The Bear,2022
1014,EF-X,The Beauty,2026
1014,EF-X,The Lowdown,2025
1014,EF-X,The New York Times Presents,2020
1014,EF-X,The Old Man,2022
1014,EF-X,The Riches,2007
1014,EF-X,The Shield,2002
1014,EF-X,Thriller Movies,Various
1014,EF-X,Tyrant,2014
1014,EF-X,Under the Banner of Heaven,2022
1014,EF-X,Unsupervised,2012
1014,EF-X,Welcome to Wrexham,2022
1014,EF-X,What We Do in the Shadows,2019
1014,EF-X,Wilfred,2011
1014,EF-X,Wilfred (US),2011
1015,EF-XX,American Dad!,2005
1015,EF-XX,Archer,2009
1015,EF-XX,Bob's Burgers,2011
1015,EF-XX,Breeders,2020
1015,EF-XX,Cake,2019
1015,EF-XX,Chozen,2014
1015,EF-XX,Cleveland Show,2009
1015,EF-XX,The Cleveland Show,2009
1015,EF-XX,Dave,2020
1015,EF-XX,Dicktown,2020
1015,EF-XX,Family Guy,1999
1015,EF-XX,Futurama,1999
1015,EF-XX,It's Always Sunny in Philadelphia,2005
1015,EF-XX,King of the Hill,1997
1015,EF-XX,Legit,2013
1015,EF-XX,Little Demon,2022
1015,EF-XX,Man Seeking Woman,2015
1015,EF-XX,Married,2014
1015,EF-XX,The Comedians,2015
1015,EF-XX,The League,2009
1015,EF-XX,The Simpsons,1989
1015,EF-XX,You're the Worst,2014
1016,eon Television,Blue Bloods,2010
1016,eon Television,Bones,2005
1016,eon Television,Burn Notice,2007
1016,eon Television,CSI: Crime Scene Investigation,2000
1016,eon Television,CSI: Miami,2002
1016,eon Television,CSI: NY,2004
1016,eon Television,Castle,2009
1016,eon Television,Chicago Fire,2012
1016,eon Television,Chicago Med,2015
1016,eon Television,Chicago P.D.,2014
1016,eon Television,Criminal Minds,2005
1016,eon Television,Flashpoint,2008
1016,eon Television,Hawaii Five-0 (2010),2010
1016,eon Television,Law & Order: Special Victims Unit,1999
1016,eon Television,Leverage,2008
1016,eon Television,Monk,2002
1016,eon Television,NCIS,2003
1016,eon Television,NCIS: Los Angeles,2009
1016,eon Television,NCIS: New Orleans,2014
1016,eon Television,Private Eyes,2016
1016,eon Television,Psych,2006
1016,eon Television,Rookie Blue,2010
1016,eon Television,Saving Hope,2012
1016,eon Television,The Mentalist,2008
1016,eon Television,White Collar,2009
1017,Story Channel,Alone,2015
1017,Story Channel,America: The Story of Us,2010
1017,Story Channel,American Pickers,2010
1017,Story Channel,Ancient Aliens,2010
1017,Story Channel,Apocalypse Earth,2020
1017,Story Channel,Ax Men,2008
1017,Story Channel,Counting Cars,2012
1017,Story Channel,Dark Marvels,2023
1017,Story Channel,Forged in Fire,2015
1017,Story Channel,Hangar 1: The UFO Files,2015
1017,Story Channel,Hatfields & McCoys,2012
1017,Story Channel,Hazardous History with Henry Winkler,2025
1017,Story Channel,How the Earth Was Made,2009
1017,Story Channel,How the States Got Their Shapes,2010
1017,Story Channel,Hunting Hitler,2015
1017,Story Channel,Ice Road Truckers,2007
1017,Story Channel,In Search of Aliens,2014
1017,Story Channel,Knightfall,2017
1017,Story Channel,Mankind: The Story of All of Us,2012
1017,Story Channel,Masterminds,2003
1017,Story Channel,Modern Marvels,1995
1017,Story Channel,Modern Marvels,1993
1017,Story Channel,Mountain Men,2012
1017,Story Channel,Pawn Stars,2009
1017,Story Channel,Project Blue Book,2019
1017,Story Channel,Six,2017
1017,Story Channel,Storage Wars,2010
1017,Story Channel,Swamp People,2010
1017,Story Channel,The Bible,2013
1017,Story Channel,The Curse of Oak Island,2014
1017,Story Channel,The Men Who Built America,2012
1017,Story Channel,The UnXplained,2019
1017,Story Channel,The Universe,2007
1017,Story Channel,The World Wars,2014
1017,Story Channel,Theodore Roosevelt,2022
1017,Story Channel,Top Gear USA,2010
1017,Story Channel,Top Gear,2010
1017,Story Channel,UFO Hunters,2008
1017,Story Channel,Vikings,2013
1018,N.B.Sea,30 Rock,2006
1018,N.B.Sea,3rd Rock from the Sun,1996
1018,N.B.Sea,A.P. Bio,2018
1018,N.B.Sea,America's Got Talent,2006
1018,N.B.Sea,American Ninja Warrior,2009
1018,N.B.Sea,Anatomy of Lies,2024
1018,N.B.Sea,Apples Never Fall,2024
1018,N.B.Sea,B.J. and the Bear,1979
1018,N.B.Sea,Babar,1989
1018,N.B.Sea,Banacek,1972
1018,N.B.Sea,Based on a True Story,2023
1018,N.B.Sea,Baywatch,1989
1018,N.B.Sea,Bel-Air,2022
1018,N.B.Sea,Believe,2014
1018,N.B.Sea,Beyond Survival With Les Stroud,2010
1018,N.B.Sea,Les Stroud's Beyond Survival,2010
1018,N.B.Sea,Blindspot,2015
1018,N.B.Sea,Blossom,1990
1018,N.B.Sea,Brooklyn Nine-Nine,2013
1018,N.B.Sea,Buck Rogers in the 25th Century,1979
1018,N.B.Sea,CHiPs,1977
1018,N.B.Sea,Cheers,1982
1018,N.B.Sea,Chicago Fire,2012
1018,N.B.Sea,Chicago Med,2015
1018,N.B.Sea,Chicago P.D.,2014
1018,N.B.Sea,Chuck,2007
1018,N.B.Sea,Community,2009
1018,N.B.Sea,Constantine,2014
1018,N.B.Sea,Crime Story,1986
1018,N.B.Sea,Debris,2021
1018,N.B.Sea,Departure,2019
1018,N.B.Sea,Devil in Disguise: John Wayne Gacy,2025
1018,N.B.Sea,Dragnet,1967
1018,N.B.Sea,ER,1994
1018,N.B.Sea,Extended Family,2023
1018,N.B.Sea,Extreme Makeover: Home Edition,2003
1018,N.B.Sea,Extreme Weight Loss,2011
1018,N.B.Sea,Family Ties,1982
1018,N.B.Sea,Frasier,1993
1018,N.B.Sea,Freaks and Geeks,1999
1018,N.B.Sea,Friday Night Lights,2006
1018,N.B.Sea,Friends,1994
1018,N.B.Sea,Golden Globe Awards,1944
1018,N.B.Sea,Great News,2017
1018,N.B.Sea,Grimm,2011
1018,N.B.Sea,Grosse Pointe Garden Society,2025
1018,N.B.Sea,Growing Up Fisher,2014
1018,N.B.Sea,Happy's Place,2024
1018,N.B.Sea,Heroes,2006
1018,N.B.Sea,Heroes Reborn,2015
1018,N.B.Sea,Highway to Heaven,1984
1018,N.B.Sea,Hill Street Blues,1981
1018,N.B.Sea,Homicide: Life on the Street,1993
1018,N.B.Sea,Imposters,2017
1018,N.B.Sea,Ironside,1967
1018,N.B.Sea,John Carpenter's Suburban Screams,2023
1018,N.B.Sea,Just Shoot Me!,1997
1018,N.B.Sea,Kenan,2021
1018,N.B.Sea,Knight Rider (2008),2008
1018,N.B.Sea,L.A. Law,1986
1018,N.B.Sea,La Brea,2021
1018,N.B.Sea,Last Comic Standing,2003
1018,N.B.Sea,Late Night,1982
1018,N.B.Sea,Late Night with David Letterman,1982
1018,N.B.Sea,Law & Order,1990
1018,N.B.Sea,Law & Order: Criminal Intent,2001
1018,N.B.Sea,Law & Order: Organized Crime,2021
1018,N.B.Sea,Law & Order: Special Victims Unit,1999
1018,N.B.Sea,Long Bright River,2025
1018,N.B.Sea,Lopez vs Lopez,2022
1018,N.B.Sea,MacGruber,2021
1018,N.B.Sea,Mad About You,1992
1018,N.B.Sea,Magnum P.I.,2018
1018,N.B.Sea,McCloud,1970
1018,N.B.Sea,Miami Vice,1984
1018,N.B.Sea,Mrs. Davis,2023
1018,N.B.Sea,My Name Is Earl,2005
1018,N.B.Sea,My Own Worst Enemy,2008
1018,N.B.Sea,NewsRadio,1995
1018,N.B.Sea,Night Court,1984
1018,N.B.Sea,Outsourced,2010
1018,N.B.Sea,PONIES,2026
1018,N.B.Sea,Parenthood,2010
1018,N.B.Sea,Parks and Recreation,2009
1018,N.B.Sea,Planet of the Apes,1975
1018,N.B.Sea,Poker Face,2023
1018,N.B.Sea,Police Story,1973
1018,N.B.Sea,Police Woman,1974
1018,N.B.Sea,"Quincy, M.E.",1976
1018,N.B.Sea,Remington Steele,1982
1018,N.B.Sea,Saturday Night Live,1975
1018,N.B.Sea,Scrubs,2001
1018,N.B.Sea,Seinfeld,1989
1018,N.B.Sea,Shades of Blue,2016
1018,N.B.Sea,Snorks,1984
1018,N.B.Sea,SouthLAnd,2009
1018,N.B.Sea,Spider-Man and His Amazing Friends,1981
1018,N.B.Sea,St. Denis Medical,2024
1018,N.B.Sea,St. Elsewhere,1982
1018,N.B.Sea,Star Trek: The Animated Series,1973
1018,N.B.Sea,Star Trek,1973
1018,N.B.Sea,Studio 60 on the Sunset Strip,2006
1018,N.B.Sea,Stumble,2025
1018,N.B.Sea,Suits LA,2025
1018,N.B.Sea,Superstore,2015
1018,N.B.Sea,Teacup,2024
1018,N.B.Sea,The 'Burbs,2026
1018,N.B.Sea,The A-Team,1983
1018,N.B.Sea,The Alfred Hitchcock Hour,1962
1018,N.B.Sea,The Apprentice (US),2004
1018,N.B.Sea,The Apprentice,2005
1018,N.B.Sea,The Biggest Loser,2004
1018,N.B.Sea,The Blacklist,2013
1018,N.B.Sea,The Copenhagen Test,2025
1018,N.B.Sea,The Event,2010
1018,N.B.Sea,The Facts of Life,1979
1018,N.B.Sea,The Good Place,2016
1018,N.B.Sea,The Hunting Party,2025
1018,N.B.Sea,The Office (US),2005
1018,N.B.Sea,The Office,2005
1018,N.B.Sea,The Red Skelton Show,1951
1018,N.B.Sea,The Richard Pryor Show,1977
1018,N.B.Sea,The Rockford Files,1974
1018,N.B.Sea,The Split,1968
1018,N.B.Sea,The Thing About Pam,2022
1018,N.B.Sea,The Tonight Show,1954
1018,N.B.Sea,The Traitors (US),2023
1018,N.B.Sea,The Traitors,2023
1018,N.B.Sea,The Voice,2011
1018,N.B.Sea,The West Wing,1999
1018,N.B.Sea,This Is Us,2016
1018,N.B.Sea,To Catch a Predator,2004
1018,N.B.Sea,Top Chef,2006
1018,N.B.Sea,Trial & Error,2017
1018,N.B.Sea,Twisted Metal,2023
1018,N.B.Sea,Vanderpump Rules,2013
1018,N.B.Sea,Will & Grace,1998
1018,N.B.Sea,Wings,1990
1018,N.B.Sea,Wolf Like Me,2022
1018,N.B.Sea,ted,2024
1019,A.B.Sea,9-1-1: Nashville,2025
1019,A.B.Sea,9/1/2001,2018
1019,A.B.Sea,A Million Little Things,2018
1019,A.B.Sea,Abbott Elementary,2021
1019,A.B.Sea,According to Jim,2001
1019,A.B.Sea,Adventures of Superman,1952
1019,A.B.Sea,Alaska Daily,2022
1019,A.B.Sea,Alias,2001
1019,A.B.Sea,America's Funniest Home Videos,1989
1019,A.B.Sea,Baretta,1975
1019,A.B.Sea,Beetlejuice,1989
1019,A.B.Sea,Better Off Ted,2009
1019,A.B.Sea,Boy Meets World,1993
1019,A.B.Sea,Castle,2009
1019,A.B.Sea,Charlie's Angels,1976
1019,A.B.Sea,China Beach,1988
1019,A.B.Sea,Clerks: The Animated Series,2000
1019,A.B.Sea,Clerks,2000
1019,A.B.Sea,Coach,1989
1019,A.B.Sea,Dancing with the Stars,2005
1019,A.B.Sea,Designated Survivor,2016
1019,A.B.Sea,Desperate Housewives,2004
1019,A.B.Sea,Diff'rent Strokes,1978
1019,A.B.Sea,Doctor Odyssey,2024
1019,A.B.Sea,"Doogie Howser, M.D.",1989
1019,A.B.Sea,Fantasy Island,1978
1019,A.B.Sea,Grace Under Fire,1993
1019,A.B.Sea,Grey's Anatomy,2005
1019,A.B.Sea,Growing Pains,1985
1019,A.B.Sea,Hangin' with Mr. Cooper,1992
1019,A.B.Sea,Happy Endings,2011
1019,A.B.Sea,High Potential,2024
1019,A.B.Sea,Holey Moley,2019
1019,A.B.Sea,Home Improvement,1991
1019,A.B.Sea,How to Get Away with Murder,2014
1019,A.B.Sea,Kojak,1973
1019,A.B.Sea,Kolchak: The Night Stalker,1974
1019,A.B.Sea,Last Man Standing,2011
1019,A.B.Sea,Lois & Clark: The New Adventures of Superman,1993
1019,A.B.Sea,Lost,2004
1019,A.B.Sea,"Marcus Welby, M.D.",1969
1019,A.B.Sea,Marvel's Agent Carter,2015
1019,A.B.Sea,Marvel's Agents of S.H.I.E.L.D.,2013
1019,A.B.Sea,Marvel's Inhumans,2017
1019,A.B.Sea,Max Headroom,1987
1019,A.B.Sea,Modern Family,2009
1019,A.B.Sea,Moonlighting,1985
1019,A.B.Sea,Mork & Mindy,1978
1019,A.B.Sea,My So-Called Life,1994
1019,A.B.Sea,NYPD Blue,1993
1019,A.B.Sea,O.J.: Made in America,2016
1019,A.B.Sea,Once Upon a Time in Wonderland,2013
1019,A.B.Sea,Peter Benchley's Creature,1998
1019,A.B.Sea,Creature,1998
1019,A.B.Sea,Police Squad!,1982
1019,A.B.Sea,Revenge,2011
1019,A.B.Sea,Roots,1977
1019,A.B.Sea,Rose Red,2002
1019,A.B.Sea,Samantha Who?,2007
1019,A.B.Sea,Scandal,2012
1019,A.B.Sea,Schoolhouse Rock!,1973
1019,A.B.Sea,Scooby's All Star Laff-A-Lympics,1977
1019,A.B.Sea,Laff-A-Lympics,1977
1019,A.B.Sea,Scooby-Doo and Scrappy-Doo,1979
1019,A.B.Sea,"Scooby-Doo, Where Are You!",1969
1019,A.B.Sea,Shark Tank,2009
1019,A.B.Sea,"Sister, Sister",1994
1019,A.B.Sea,Sledge Hammer!,1986
1019,A.B.Sea,Sonic the Hedgehog,1993
1019,A.B.Sea,Spin City,1996
1019,A.B.Sea,Sports Night,1998
1019,A.B.Sea,Star Wars: Droids,1985
1019,A.B.Sea,Star Wars: Ewoks,1985
1019,A.B.Sea,Ewoks,1985
1019,A.B.Sea,Station 19,2018
1019,A.B.Sea,Storm of the Century,1999
1019,A.B.Sea,Suburgatory,2011
1019,A.B.Sea,T.J. Hooker,1982
1019,A.B.Sea,T. J. Hooker,1982
1019,A.B.Sea,The Academy Awards,1953
1019,A.B.Sea,The Bachelor,2002
1019,A.B.Sea,The Beatles Anthology,1995
1019,A.B.Sea,The Bionic Woman,1976
1019,A.B.Sea,The Conners,2018
1019,A.B.Sea,The Critic,1994
1019,A.B.Sea,The Dana Carvey Show,1996
1019,A.B.Sea,The Good Doctor,2017
1019,A.B.Sea,The Langoliers,1995
1019,A.B.Sea,The Love Boat,1977
1019,A.B.Sea,The Muppets,2015
1019,A.B.Sea,The New Scooby-Doo Mysteries,1984
1019,A.B.Sea,The Practice,1997
1019,A.B.Sea,The Rookie,2018
1019,A.B.Sea,The Stand,1994
1019,A.B.Sea,The Thorn Birds,1983
1019,A.B.Sea,The Tommyknockers,1993
1019,A.B.Sea,The Wonder Years,1988
1019,A.B.Sea,Thirtysomething,1987
1019,A.B.Sea,Two Guys and a Girl,1998
1019,A.B.Sea,Two of a Kind,1998
1019,A.B.Sea,V (2009),2009
1019,A.B.Sea,Vega$,1978
1019,A.B.Sea,"Welcome Back, Kotter",1975
1019,A.B.Sea,Who's the Boss?,1984
1019,A.B.Sea,Whose Line Is It Anyway? (US),1998
1019,A.B.Sea,Whose Line Is It Anyway?,1998
1019,A.B.Sea,Will Trent,2023
1019,A.B.Sea,Wipeout,2008
1019,A.B.Sea,Wipeout (US),2008
1020,NTV,16 and Pregnant,2009
1020,NTV,Beavis and Butt-Head,1993
1020,NTV,Catfish: The TV Show,2012
1020,NTV,Celebrity Deathmatch,1998
1020,NTV,Daria,1997
1020,NTV,Friendzone,2011
1020,NTV,Human Giant,2007
1020,NTV,Jackass,2000
1020,NTV,Jersey Shore,2009
1020,NTV,Laguna Beach: The Real Orange County,2004
1020,NTV,Laguna Beach,2004
1020,NTV,MTV Cribs,2000
1020,NTV,Made,2002
1020,NTV,My Super Sweet 16,2005
1020,NTV,Punk'd,2003
1020,NTV,Ridiculousness,2011
1020,NTV,Road Rules,1995
1020,NTV,Spider-Man: The New Animated Series,2003
1020,NTV,Teen Mom,2009
1020,NTV,Teen Mom OG,2009
1020,NTV,The Hills,2006
1020,NTV,The Idiot Box,1991
1020,NTV,The Real World,1992
1020,NTV,The State,1994
1020,NTV,Total Request Live,1998
1020,NTV,Wild 'N Out,2005
1020,NTV,Nick Cannon Presents: Wild 'N Out,2005
1020,NTV,Wonder Showzen,2005
1021,SeaW,61st Street,2022
1021,SeaW,90210,2008
1021,SeaW,All American,2018
1021,SeaW,Arrow,2012
1021,SeaW,Batman Beyond,1999
1021,SeaW,Batwoman,2019
1021,SeaW,Containment,2016
1021,SeaW,Crazy Ex-Girlfriend,2015
1021,SeaW,Dawson's Creek,1998
1021,SeaW,Dilbert,1999
1021,SeaW,Dynasty (2017),2017
1021,SeaW,Earthworm Jim,1995
1021,SeaW,Everwood,2002
1021,SeaW,Everybody Hates Chris,2005
1021,SeaW,FBoy Island,2021
1021,SeaW,Felicity,1998
1021,SeaW,Gossip Girl,2007
1021,SeaW,Gotham Knights,2023
1021,SeaW,Hart of Dixie,2011
1021,SeaW,Jackie Chan Adventures,2000
1021,SeaW,Jane the Virgin,2014
1021,SeaW,Johnny Test,2005
1021,SeaW,Legacies,2018
1021,SeaW,Legends of Tomorrow,2016
1021,SeaW,DC's Legends of Tomorrow,2016
1021,SeaW,Naomi,2022
1021,SeaW,Nikita,2010
1021,SeaW,One Tree Hill,2003
1021,SeaW,Pinky and the Brain,1995
1021,SeaW,Riverdale,2017
1021,SeaW,Shaggy and Scooby-Doo Get a Clue,2006
1021,SeaW,Sherlock & Daughter,2025
1021,SeaW,Smallville,2001
1021,SeaW,Star Trek: Enterprise,2001
1021,SeaW,Star Trek: Voyager,1995
1021,SeaW,Stargirl,2020
1021,SeaW,Static Shock,2000
1021,SeaW,Superman & Lois,2021
1021,SeaW,Superman: The Animated Series,1996
1021,SeaW,Supernatural,2005
1021,SeaW,The 100,2014
1021,SeaW,The Flash,2014
1021,SeaW,The Flash (2014),2014
1021,SeaW,The New Batman Adventures,1997
1021,SeaW,The Oblongs,2001
1021,SeaW,The Originals,2013
1021,SeaW,The Twilight Zone (2002),2002
1021,SeaW,The Vampire Diaries,2009
1021,SeaW,The Zeta Project,2001
1021,SeaW,Tom and Jerry Tales,2006
1021,SeaW,Unhappily Ever After,1995
1021,SeaW,Veronica Mars,2004
1021,SeaW,Walker,2021
1021,SeaW,X-Men: Evolution,2000
1021,SeaW,Xiaolin Showdown,2003
1021,SeaW,iZombie,2015
1022,C.B.Yes,2 Broke Girls,2011
1022,C.B.Yes,60 Minutes,1968
1022,C.B.Yes,All's Fair,1976
1022,C.B.Yes,Becker,1998
1022,C.B.Yes,Big Brother (US),2000
1022,C.B.Yes,Big Brother,2000
1022,C.B.Yes,Blood & Treasure,2019
1022,C.B.Yes,Blue Bloods,2010
1022,C.B.Yes,Bob Hearts Abishola,2019
1022,C.B.Yes,Boston Blue,2025
1022,C.B.Yes,CSI: Crime Scene Investigation,2000
1022,C.B.Yes,CSI: Cyber,2015
1022,C.B.Yes,CSI: Miami,2002
1022,C.B.Yes,CSI: NY,2004
1022,C.B.Yes,CSI: Vegas,2021
1022,C.B.Yes,Cagney & Lacey,1982
1022,C.B.Yes,Charles in Charge,1984
1022,C.B.Yes,Chicago Hope,1994
1022,C.B.Yes,Code Black,2015
1022,C.B.Yes,Criminal Minds,2005
1022,C.B.Yes,Diagnosis Murder,1993
1022,C.B.Yes,"Dr. Quinn, Medicine Woman",1993
1022,C.B.Yes,Dungeons & Dragons,1983
1022,C.B.Yes,Elementary,2012
1022,C.B.Yes,Elsbeth,2024
1022,C.B.Yes,Everybody Loves Raymond,1996
1022,C.B.Yes,FBI,2018
1022,C.B.Yes,FBI: International,2021
1022,C.B.Yes,FBI: Most Wanted,2020
1022,C.B.Yes,Fat Albert and the Cosby Kids,1972
1022,C.B.Yes,Fire Country,2022
1022,C.B.Yes,Gary Unmarried,2008
1022,C.B.Yes,Georgie & Mandy's First Marriage,2024
1022,C.B.Yes,Ghosts (US),2021
1022,C.B.Yes,Ghosts,2021
1022,C.B.Yes,"Gomer Pyle, U.S.M.C.",1964
1022,C.B.Yes,Hawaii Five-0,2010
1022,C.B.Yes,Hawaii Five-O,1968
1022,C.B.Yes,How I Met Your Mother,2005
1022,C.B.Yes,Kevin Can Wait,2016
1022,C.B.Yes,Knots Landing,1979
1022,C.B.Yes,Lassie,1954
1022,C.B.Yes,Limitless,2015
1022,C.B.Yes,Logan's Run,1977
1022,C.B.Yes,Lonesome Dove,1989
1022,C.B.Yes,Lou Grant,1977
1022,C.B.Yes,Love Island USA,2019
1022,C.B.Yes,MacGyver (2016),2016
1022,C.B.Yes,Madam Secretary,2014
1022,C.B.Yes,Magnum P.I. (2018),2018
1022,C.B.Yes,"Magnum, P.I.",1980
1022,C.B.Yes,Maude,1972
1022,C.B.Yes,Mike & Molly,2010
1022,C.B.Yes,Mister Ed,1961
1022,C.B.Yes,Mom,2013
1022,C.B.Yes,"Murder, She Wrote",1984
1022,C.B.Yes,Murphy Brown,1988
1022,C.B.Yes,NCIS,2003
1022,C.B.Yes,NCIS: Hawai'i,2021
1022,C.B.Yes,NCIS: Los Angeles,2009
1022,C.B.Yes,NCIS: New Orleans,2014
1022,C.B.Yes,NCIS: Origins,2024
1022,C.B.Yes,Newhart,1982
1022,C.B.Yes,Northern Exposure,1990
1022,C.B.Yes,Pee-wee's Playhouse,1986
1022,C.B.Yes,Person of Interest,2011
1022,C.B.Yes,Picket Fences,1992
1022,C.B.Yes,Poppa’s House,2024
1022,C.B.Yes,S.W.A.T.,2017
1022,C.B.Yes,Salem's Lot,1979
1022,C.B.Yes,Scorpion,2014
1022,C.B.Yes,Shazam!,1974
1022,C.B.Yes,Sheriff Country,2025
1022,C.B.Yes,Supergirl,2015
1022,C.B.Yes,Survivor,2000
1022,C.B.Yes,The Amazing Race,2001
1022,C.B.Yes,The Amazing Spider-Man,1978
1022,C.B.Yes,The Big Bang Theory,2007
1022,C.B.Yes,The Carol Burnett Show,1967
1022,C.B.Yes,The Dukes of Hazzard,1979
1022,C.B.Yes,The Equalizer (2021),2021
1022,C.B.Yes,The Golden Palace,1992
1022,C.B.Yes,The Good Wife,2009
1022,C.B.Yes,The King of Queens,1998
1022,C.B.Yes,The Mask,1995
1022,C.B.Yes,The Mentalist,2008
1022,C.B.Yes,The Neighborhood,2018
1022,C.B.Yes,The New Scooby-Doo Movies,1972
1022,C.B.Yes,The Perils of Penelope Pitstop,1969
1022,C.B.Yes,The Price Is Right,1972
1022,C.B.Yes,The Sonny & Cher Comedy Hour,1971
1022,C.B.Yes,The Twilight Zone (1985),1985
1022,C.B.Yes,The Unit,2006
1022,C.B.Yes,Tiny Toon Adventures,1990
1022,C.B.Yes,Touched by an Angel,1994
1022,C.B.Yes,"Trapper John, M.D.",1979
1022,C.B.Yes,Two and a Half Men,2003
1022,C.B.Yes,Under the Dome,2013
1022,C.B.Yes,WKRP in Cincinnati,1978
1022,C.B.Yes,"Walker, Texas Ranger",1993
1022,C.B.Yes,Waterfront,1954
1022,C.B.Yes,Watson,2025
1022,C.B.Yes,Wiseguy,1987
1022,C.B.Yes,Without a Trace,2002
1022,C.B.Yes,Young Sheldon,2017
1023,FAUX,24,2001
1023,FAUX,9-1-1: Lone Star,2020
1023,FAUX,99 to Beat (US),2025
1023,FAUX,99 to Beat,2025
1023,FAUX,Alert: Missing Persons Unit,2023
1023,FAUX,Ally McBeal,1997
1023,FAUX,American Dad!,2005
1023,FAUX,American Idol,2002
1023,FAUX,Andy Richter Controls the Universe,2002
1023,FAUX,Batman: The Animated Series,1992
1023,FAUX,Beast Machines: Transformers,1999
1023,FAUX,Best Medicine,2026
1023,FAUX,"Beverly Hills, 90210",1990
1023,FAUX,Bob's Burgers,2011
1023,FAUX,Bobby's World,1990
1023,FAUX,Dark Angel,2000
1023,FAUX,Dollhouse,2009
1023,FAUX,Extracted,2025
1023,FAUX,Family Guy,1999
1023,FAUX,Fear Factor,2001
1023,FAUX,Firefly,2002
1023,FAUX,Fringe,2008
1023,FAUX,Get a Life,1990
1023,FAUX,Glee,2009
1023,FAUX,Gordon Ramsay's Food Stars,2023
1023,FAUX,Gotham,2014
1023,FAUX,Hell's Kitchen,2005
1023,FAUX,Hell's Kitchen (US),2005
1023,FAUX,House,2004
1023,FAUX,In Living Color,1990
1023,FAUX,King of the Hill,1997
1023,FAUX,Krapopolis,2023
1023,FAUX,LEGO Masters (US),2020
1023,FAUX,LEGO Masters,2020
1023,FAUX,Lethal Weapon,2016
1023,FAUX,MADtv,1995
1023,FAUX,Malcolm in the Middle,2000
1023,FAUX,Married... with Children,1987
1023,FAUX,Martin,1992
1023,FAUX,MasterChef (US),2010
1023,FAUX,MasterChef,2010
1023,FAUX,MasterChef Junior,2013
1023,FAUX,Melrose Place,1992
1023,FAUX,Memory of a Killer,2026
1023,FAUX,New Girl,2011
1023,FAUX,Parker Lewis Can't Lose,1990
1023,FAUX,Pitch,2016
1023,FAUX,Pivoting,2022
1023,FAUX,Prison Break,2005
1023,FAUX,Prodigal Son,2019
1023,FAUX,Sleepy Hollow,2013
1023,FAUX,So You Think You Can Dance,2005
1023,FAUX,Son of Zorn,2016
1023,FAUX,Sons of Tucson,2010
1023,FAUX,Special Forces: World's Toughest Test,2023
1023,FAUX,Taz-Mania,1991
1023,FAUX,Teenage Mutant Ninja Turtles (2003),2003
1023,FAUX,Terminator: The Sarah Connor Chronicles,2008
1023,FAUX,"The Adventures of Brisco County, Jr.",1993
1023,FAUX,The Ben Stiller Show,1992
1023,FAUX,The Cleaning Lady,2022
1023,FAUX,The Cleveland Show,2009
1023,FAUX,The Floor (US),2024
1023,FAUX,The Floor,2024
1023,FAUX,The Following,2013
1023,FAUX,The George Carlin Show,1994
1023,FAUX,The Gifted,2017
1023,FAUX,The Great North,2021
1023,FAUX,The Last Man on Earth,2015
1023,FAUX,The Lone Gunmen,2001
1023,FAUX,The Masked Singer,2019
1023,FAUX,The Mick,2017
1023,FAUX,The Orville,2017
1023,FAUX,The Resident,2018
1023,FAUX,The Simpsons,1989
1023,FAUX,The X-Files,1993
1023,FAUX,Universal Basic Guys,2024
1023,FAUX,Wayward Pines,2015
1024,H.G.T.Vee,100 Day Dream Home,2020
1024,H.G.T.Vee,Bargain Mansions,2017
1024,H.G.T.Vee,Battle on the Beach,2021
1024,H.G.T.Vee,Beachfront Bargain Hunt,2013
1024,H.G.T.Vee,Brother vs. Brother,2013
1024,H.G.T.Vee,Caribbean Life,2014
1024,H.G.T.Vee,Celebrity IOU,2020
1024,H.G.T.Vee,Christina on the Coast,2019
1024,H.G.T.Vee,Decked Out,2011
1024,H.G.T.Vee,Design Star,2006
1024,H.G.T.Vee,Farmhouse Fixer,2021
1024,H.G.T.Vee,Fixer Upper,2013
1024,H.G.T.Vee,Fixer Upper: Welcome Home,2021
1024,H.G.T.Vee,Flea Market Flip,2012
1024,H.G.T.Vee,Flip or Flop,2013
1024,H.G.T.Vee,Good Bones,2016
1024,H.G.T.Vee,Hawaii Life,2013
1024,H.G.T.Vee,Help! I Wrecked My House,2020
1024,H.G.T.Vee,Home Town,2016
1024,H.G.T.Vee,Home Town Takeover,2021
1024,H.G.T.Vee,House Hunters,1999
1024,H.G.T.Vee,House Hunters International,2006
1024,H.G.T.Vee,Island Life,2015
1024,H.G.T.Vee,Lakefront Bargain Hunt,2014
1024,H.G.T.Vee,Love It or List It,2008
1024,H.G.T.Vee,Married to Real Estate,2022
1024,H.G.T.Vee,My Lottery Dream Home,2015
1024,H.G.T.Vee,No Demo Reno,2021
1024,H.G.T.Vee,Property Brothers,2011
1024,H.G.T.Vee,Property Brothers: Forever Home,2019
1024,H.G.T.Vee,Rehab Addict,2010
1024,H.G.T.Vee,Rock the Block,2019
1024,H.G.T.Vee,Tarek's Flip Side,2021
1024,H.G.T.Vee,Unsellable Houses,2020
1024,H.G.T.Vee,Windy City Rehab,2019
1025,A.M.Sea,Action Movies,Various
1025,A.M.Sea,Anne Rice's Mayfair Witches,2023
1025,A.M.Sea,Better Call Saul,2015
1025,A.M.Sea,Breaking Bad,2008
1025,A.M.Sea,Brockmire,2017
1025,A.M.Sea,Comic Book Men,2012
1025,A.M.Sea,Dark Winds,2022
1025,A.M.Sea,Dispatches from Elsewhere,2020
1025,A.M.Sea,Documentary Now!,2015
1025,A.M.Sea,Eli Roth's History of Horror,2018
1025,A.M.Sea,Fear the Walking Dead,2015
1025,A.M.Sea,Halt and Catch Fire,2014
1025,A.M.Sea,Hell on Wheels,2011
1025,A.M.Sea,Humans,2015
1025,A.M.Sea,Interview with the Vampire,2022
1025,A.M.Sea,Into the Badlands,2015
1025,A.M.Sea,Jonestown: Terror in the Jungle,2018
1025,A.M.Sea,Kevin Can F**k Himself,2021
1025,A.M.Sea,Lodge 49,2018
1025,A.M.Sea,Low Winter Sun,2013
1025,A.M.Sea,Lucky Hank,2023
1025,A.M.Sea,Mad Men,2007
1025,A.M.Sea,Mayfair Witches,2023
1025,A.M.Sea,McMafia,2018
1025,A.M.Sea,Moonhaven,2022
1025,A.M.Sea,Portlandia,2011
1025,A.M.Sea,Preacher,2016
1025,A.M.Sea,Rectify,2013
1025,A.M.Sea,Rubicon,2010
1025,A.M.Sea,Talamasca: The Secret Order,2025
1025,A.M.Sea,Talking Dead,2011
1025,A.M.Sea,That Dirty Black Bag,2022
1025,A.M.Sea,The Increasingly Poor Decisions of Todd Margaret,2010
1025,A.M.Sea,The Killing,2011
1025,A.M.Sea,The Terror,2018
1025,A.M.Sea,The Walking Dead,2010
1025,A.M.Sea,The Walking Dead: Daryl Dixon,2023
1025,A.M.Sea,The Walking Dead: Dead City,2023
1025,A.M.Sea,The Walking Dead: The Ones Who Live,2024
1025,A.M.Sea,The Walking Dead: World Beyond,2020
1025,A.M.Sea,The Whitest Kids U'Know,2007
1025,A.M.Sea,The Whitest Kids U' Know,2007
1025,A.M.Sea,The Writers' Room,2013
1025,A.M.Sea,Thriller Movies,Various
1025,A.M.Sea,Turn: Washington's Spies,2014
1026,B.B.Sea,A Bit of Fry & Laurie,1989
1026,B.B.Sea,A Discovery of Witches,2018
1026,B.B.Sea,A Good Girl's Guide to Murder,2024
1026,B.B.Sea,Absolutely Fabulous,1992
1026,B.B.Sea,Agatha Christie's Poirot,1989
1026,B.B.Sea,All Her Fault,2025
1026,B.B.Sea,All Watched Over by Machines of Loving Grace,2011
1026,B.B.Sea,Alma's Not Normal,2020
1026,B.B.Sea,Alone in the Wild,2009
1026,B.B.Sea,An Idiot Abroad,2010
1026,B.B.Sea,Andrew Marr's History of the World,2012
1026,B.B.Sea,Atomic,2025
1026,B.B.Sea,Attenborough's Life in Colour,2021
1026,B.B.Sea,Attenborough: 60 Years in the Wild,2012
1026,B.B.Sea,Back to Life,2019
1026,B.B.Sea,Black Mirror (Early Seasons),2011
1026,B.B.Sea,Black Mirror,2011
1026,B.B.Sea,Blackadder,1983
1026,B.B.Sea,Blue Lights,2023
1026,B.B.Sea,Blue Planet,2001
1026,B.B.Sea,Brass Eye,1997
1026,B.B.Sea,Brave New World with Stephen Hawking,2011
1026,B.B.Sea,Broadchurch,2013
1026,B.B.Sea,Call the Midwife,2012
1026,B.B.Sea,Civilisation,1969
1026,B.B.Sea,Code of Silence,2025
1026,B.B.Sea,Coldwater,2025
1026,B.B.Sea,Come Fly With Me,2010
1026,B.B.Sea,Count Duckula,1988
1026,B.B.Sea,Coupling,2000
1026,B.B.Sea,Da Ali G Show,2000
1026,B.B.Sea,Death in Paradise,2011
1026,B.B.Sea,Depp V Heard,2023
1026,B.B.Sea,Derry Girls,2018
1026,B.B.Sea,Detectorists,2014
1026,B.B.Sea,Doctor Who,1963
1026,B.B.Sea,Doctor Who (2005),2005
1026,B.B.Sea,Doctor Who (2023),2024
1026,B.B.Sea,Downton Abbey,2010
1026,B.B.Sea,Dynasties,2018
1026,B.B.Sea,Earth: The Power of the Planet,2007
1026,B.B.Sea,Endeavour,2013
1026,B.B.Sea,Extras,2005
1026,B.B.Sea,Father Brown,2013
1026,B.B.Sea,Father Ted,1995
1026,B.B.Sea,Fawlty Towers,1975
1026,B.B.Sea,Feel Good,2020
1026,B.B.Sea,Forces of Nature with Brian Cox,2016
1026,B.B.Sea,Foyle's War,2002
1026,B.B.Sea,Frozen Planet,2011
1026,B.B.Sea,Galapagos with David Attenborough,2013
1026,B.B.Sea,Gangs of London,2020
1026,B.B.Sea,Gavin & Stacey,2007
1026,B.B.Sea,Gods of Snooker,2021
1026,B.B.Sea,Gorilla Family & Me,2015
1026,B.B.Sea,Great Barrier Reef with David Attenborough,2015
1026,B.B.Sea,Green Wing,2004
1026,B.B.Sea,Happy Valley,2014
1026,B.B.Sea,His Dark Materials,2019
1026,B.B.Sea,Human Planet,2011
1026,B.B.Sea,I May Destroy You,2020
1026,B.B.Sea,I'm Alan Partridge,1997
1026,B.B.Sea,"I, Claudius",1976
1026,B.B.Sea,In Flight,2025
1026,B.B.Sea,It's a Sin,2021
1026,B.B.Sea,Keeping Up Appearances,1990
1026,B.B.Sea,Killing Eve,2018
1026,B.B.Sea,King & Conqueror,2025
1026,B.B.Sea,Kingdom of Plants 3D,2012
1026,B.B.Sea,Kingdom of Plants,2012
1026,B.B.Sea,Life After Life,2022
1026,B.B.Sea,Life Story,2014
1026,B.B.Sea,Line of Duty,2012
1026,B.B.Sea,Little Britain,2003
1026,B.B.Sea,Lockerbie: A Search for Truth,2025
1026,B.B.Sea,Long Way Round,2004
1026,B.B.Sea,Luther,2010
1026,B.B.Sea,Malpractice,2023
1026,B.B.Sea,Mary & George,2024
1026,B.B.Sea,Masters of Money,2012
1026,B.B.Sea,Midsomer Murders,1997
1026,B.B.Sea,Mind Your Language,1977
1026,B.B.Sea,Miss Austen,2025
1026,B.B.Sea,Monty Python's Flying Circus,1969
1026,B.B.Sea,Moonflower Murders,2024
1026,B.B.Sea,Mr. Bean,1990
1026,B.B.Sea,Murder Is Easy,2023
1026,B.B.Sea,North & South,2004
1026,B.B.Sea,Not the Nine O'Clock News,1979
1026,B.B.Sea,Numberblocks,2016
1026,B.B.Sea,Only Fools and Horses,1981
1026,B.B.Sea,Orphan Black,2013
1026,B.B.Sea,Our World War,2014
1026,B.B.Sea,Patience,2025
1026,B.B.Sea,Peaky Blinders,2013
1026,B.B.Sea,Peep Show,2003
1026,B.B.Sea,Penn & Teller: Fool Us,2011
1026,B.B.Sea,Planet Earth,2006
1026,B.B.Sea,Playing Nice,2025
1026,B.B.Sea,Pride and Prejudice,1995
1026,B.B.Sea,Protection,2024
1026,B.B.Sea,QI,2003
1026,B.B.Sea,Race Across the World,2019
1026,B.B.Sea,Red Eye,2024
1026,B.B.Sea,Ridley,2022
1026,B.B.Sea,Riot Women,2025
1026,B.B.Sea,SAS Rogue Heroes,2022
1026,B.B.Sea,Shaun the Sheep,2007
1026,B.B.Sea,Sherlock,2010
1026,B.B.Sea,Shetland,2013
1026,B.B.Sea,Showtrial,2021
1026,B.B.Sea,Silent Witness,1996
1026,B.B.Sea,Spaced,1999
1026,B.B.Sea,Spacey Unmasked,2024
1026,B.B.Sea,Stath Lets Flats,2018
1026,B.B.Sea,Still Game,2002
1026,B.B.Sea,Strike,2017
1026,B.B.Sea,Sweetpea,2024
1026,B.B.Sea,Taskmaster,2015
1026,B.B.Sea,That Mitchell and Webb Look,2006
1026,B.B.Sea,The Ascent of Man,1973
1026,B.B.Sea,The Bay (2019),2019
1026,B.B.Sea,The Benny Hill Show,1969
1026,B.B.Sea,The Blue Planet,2001
1026,B.B.Sea,The Bombing of Pan Am 103,2025
1026,B.B.Sea,The Capture,2019
1026,B.B.Sea,The Century of the Self,2002
1026,B.B.Sea,The Couple Next Door,2023
1026,B.B.Sea,The Day Today,1994
1026,B.B.Sea,The Day of the Jackal,2024
1026,B.B.Sea,The Death of Bunny Munro,2025
1026,B.B.Sea,The End of the F***ing World,2017
1026,B.B.Sea,The Fast Show,1994
1026,B.B.Sea,The Gold,2023
1026,B.B.Sea,The Graham Norton Show,2007
1026,B.B.Sea,The Grand Tour,2016
1026,B.B.Sea,The Great British Baking Show,2010
1026,B.B.Sea,The Great British Bake Off,2010
1026,B.B.Sea,The Green Planet,2022
1026,B.B.Sea,The Guest,2025
1026,B.B.Sea,The Hitchhiker's Guide to the Galaxy,1981
1026,B.B.Sea,The IT Crowd,2006
1026,B.B.Sea,The Incredible Human Journey,2009
1026,B.B.Sea,The Iris Affair,2025
1026,B.B.Sea,The Mallorca Files,2019
1026,B.B.Sea,The Moaning of Life,2013
1026,B.B.Sea,The Muppet Show,1976
1026,B.B.Sea,The Nazis: A Warning from History,1997
1026,B.B.Sea,The Night Manager,2016
1026,B.B.Sea,The Office (UK),2001
1026,B.B.Sea,The Office,2001
1026,B.B.Sea,The Paradise,2012
1026,B.B.Sea,The Planets,1999
1026,B.B.Sea,The Singing Detective,1986
1026,B.B.Sea,The Thick of It,2005
1026,B.B.Sea,The Thin Blue Line,1995
1026,B.B.Sea,The Tourist,2022
1026,B.B.Sea,The Trap: What Happened to Our Dream of Freedom,2007
1026,B.B.Sea,The War Between the Land and the Sea,2025
1026,B.B.Sea,The Widow,2019
1026,B.B.Sea,The World at War,1973
1026,B.B.Sea,The World's Most Extraordinary Homes,2017
1026,B.B.Sea,The Young Ones,1982
1026,B.B.Sea,This City Is Ours,2025
1026,B.B.Sea,This Is Going To Hurt,2022
1026,B.B.Sea,This Way Up,2019
1026,B.B.Sea,Tiger: Spy in the Jungle,2008
1026,B.B.Sea,Top Boy,2011
1026,B.B.Sea,Top Gear,2002
1026,B.B.Sea,Towards Zero,2025
1026,B.B.Sea,Tracey Ullman's Show,2016
1026,B.B.Sea,Trespasses,2025
1026,B.B.Sea,Trump: An American Dream,2017
1026,B.B.Sea,Under Salt Marsh,2026
1026,B.B.Sea,Unforgotten,2015
1026,B.B.Sea,Until I Kill You,2024
1026,B.B.Sea,Uprising,2021
1026,B.B.Sea,Vera,2011
1026,B.B.Sea,Vicar of Dibley,1994
1026,B.B.Sea,The Vicar of Dibley,1994
1026,B.B.Sea,Victoria,2016
1026,B.B.Sea,Vigil,2021
1026,B.B.Sea,Virdee,2025
1026,B.B.Sea,Walking with Beasts,2001
1026,B.B.Sea,We Are Lady Parts,2021
1026,B.B.Sea,Weird Wonders of the World,2015
1026,B.B.Sea,Wild Alaska,2015
1026,B.B.Sea,Wild Australia with Ray Mears,2016
1026,B.B.Sea,Wild Cherry,2025
1026,B.B.Sea,Wild China,2008
1026,B.B.Sea,Wild Europe,2005
1026,B.B.Sea,Wolf Hall,2015
1026,B.B.Sea,Wonders of the Universe,2011
1026,B.B.Sea,Yes Minister,1980
1026,B.B.Sea,"Yes, Prime Minister",1986
1026,B.B.Sea,You Don't Know Me,2021
1027,T.N.Tea,AEW Dynamite,2019
1027,T.N.Tea,All Elite Wrestling: Dynamite,2019
1027,T.N.Tea,AEW Rampage,2021
1027,T.N.Tea,All Elite Wrestling: Rampage,2021
1027,T.N.Tea,Action Movies,Various
1027,T.N.Tea,Agent X,2015
1027,T.N.Tea,Animal Kingdom,2016
1027,T.N.Tea,Babylon 5,1994
1027,T.N.Tea,Bones,2005
1027,T.N.Tea,Castle,2009
1027,T.N.Tea,Charmed,1998
1027,T.N.Tea,Claws,2017
1027,T.N.Tea,Dallas,2012
1027,T.N.Tea,Dallas (2012),2012
1027,T.N.Tea,Falling Skies,2011
1027,T.N.Tea,Franklin & Bash,2011
1027,T.N.Tea,Good Behavior,2016
1027,T.N.Tea,Grimm,2011
1027,T.N.Tea,I Am the Night,2019
1027,T.N.Tea,Inside the NBA,1989
1027,T.N.Tea,Leverage,2008
1027,T.N.Tea,Major Crimes,2012
1027,T.N.Tea,Men of a Certain Age,2009
1027,T.N.Tea,Murder in the First,2014
1027,T.N.Tea,Nightmares & Dreamscapes: From the Stories of Stephen King,2006
1027,T.N.Tea,Perception,2012
1027,T.N.Tea,Proof,2015
1027,T.N.Tea,Public Morals,2015
1027,T.N.Tea,Rizzoli & Isles,2010
1027,T.N.Tea,Snowpiercer,2020
1027,T.N.Tea,Southland,2009
1027,T.N.Tea,Supernatural,2005
1027,T.N.Tea,The Alienist,2018
1027,T.N.Tea,The Closer,2005
1027,T.N.Tea,The Last Ship,2014
1027,T.N.Tea,The Librarians,2014
1027,T.N.Tea,The Librarians: The Next Chapter,2025
1027,T.N.Tea,The Real Adventures of Jonny Quest,1996
1027,T.N.Tea,Thriller Movies,Various
1028,T.L.Sea,1000-lb Best Friends,2022
1028,T.L.Sea,1000-lb Sisters,2020
1028,T.L.Sea,16 and Pregnant,2009
1028,T.L.Sea,7 Little Johnstons,2015
1028,T.L.Sea,90 Day Fiancé,2014
1028,T.L.Sea,90 Day Fiancé: Before the 90 Days,2017
1028,T.L.Sea,90 Day Fiancé: Happily Ever After?,2016
1028,T.L.Sea,90 Day Fiancé: The Other Way,2019
1028,T.L.Sea,Breaking Amish,2012
1028,T.L.Sea,Cake Boss,2009
1028,T.L.Sea,Counting On,2015
1028,T.L.Sea,Darcey & Stacey,2020
1028,T.L.Sea,Dr. Pimple Popper,2018
1028,T.L.Sea,Extreme Cheapskates,2012
1028,T.L.Sea,Extreme Couponing,2010
1028,T.L.Sea,Forensic Files,1996
1028,T.L.Sea,Four Weddings,2010
1028,T.L.Sea,Here Comes Honey Boo Boo,2012
1028,T.L.Sea,Hoarding: Buried Alive,2010
1028,T.L.Sea,I Am Jazz,2015
1028,T.L.Sea,Kate Plus 8,2007
1028,T.L.Sea,Kate Plus 8,2010
1028,T.L.Sea,Little People Big World,2006
1028,T.L.Sea,Long Island Medium,2011
1028,T.L.Sea,My 600-lb Life,2012
1028,T.L.Sea,My Big Fat Fabulous Life,2015
1028,T.L.Sea,My Strange Addiction,2010
1028,T.L.Sea,Return to Amish,2014
1028,T.L.Sea,Say Yes to the Dress,2007
1028,T.L.Sea,Say Yes to the Dress: Atlanta,2010
1028,T.L.Sea,Secret Eaters,2012
1028,T.L.Sea,Sister Wives,2010
1028,T.L.Sea,The Biggest Loser,2004
1028,T.L.Sea,The Family Chantel,2019
1028,T.L.Sea,The Little Couple,2009
1028,T.L.Sea,Toddlers & Tiaras,2009
1028,T.L.Sea,Trading Spaces,2000
1028,T.L.Sea,Underage and Pregnant,2012
1028,T.L.Sea,Underage and Pregnant,2009
1028,T.L.Sea,What Not to Wear,2003
1028,T.L.Sea,Who Do You Think You Are?,2010
1029,Bravio,Below Deck,2013
1029,Bravio,Below Deck Mediterranean,2016
1029,Bravio,Flipping Out,2007
1029,Bravio,Married to Medicine,2013
1029,Bravio,Million Dollar Listing Los Angeles,2006
1029,Bravio,Million Dollar Listing New York,2012
1029,Bravio,Project Runway,2004
1029,Bravio,Queer Eye for the Straight Guy,2003
1029,Bravio,Shahs of Sunset,2012
1029,Bravio,Southern Charm,2014
1029,Bravio,Summer House,2017
1029,Bravio,The Real Housewives of Atlanta,2008
1029,Bravio,The Real Housewives of Beverly Hills,2010
1029,Bravio,The Real Housewives of New Jersey,2009
1029,Bravio,The Real Housewives of New York City,2008
1029,Bravio,The Real Housewives of Orange County,2006
1029,Bravio,The Real Housewives of Potomac,2016
1029,Bravio,The Real Housewives of Salt Lake City,2020
1029,Bravio,Top Chef,2006
1029,Bravio,Vanderpump Rules,2013
1029,Bravio,Watch What Happens Live with Andy Cohen,2009
1030,BETV,106 & Park,2000
1030,BETV,ComicView,1992
1030,BETV,The Game,2006
1030,BETV,Being Mary Jane,2013
1030,BETV,Real Husbands of Hollywood,2013
1030,BETV,BET Awards,2001
1030,BETV,BET Hip Hop Awards,2006
1030,BETV,The Wendy Williams Show,2008
1030,BETV,College Hill,2004
1030,BETV,Hell Date,2007
1030,BETV,Baldwin Hills,2007
1030,BETV,Sunday Best,2007
1030,BETV,The Bobby Brown Story,2018
1030,BETV,American Gangster,2006
1030,BETV,Tales,2017
1030,BETV,Martin,1992
1030,BETV,The Parkers,1999
1030,BETV,Moesha,1996
1030,BETV,Girlfriends,2000
1030,BETV,The New Edition Story,2017
1030,BETV,Sistas,2019
1030,BETV,Tyler Perry's Sistas,2019
1031,Trademark Channel,A Biltmore Christmas,2023
1031,Trademark Channel,A Grand Ole Opry Christmas,2025
1031,Trademark Channel,Aurora Teagarden Mysteries,2015
1031,Trademark Channel,Cedar Cove,2013
1031,Trademark Channel,Chesapeake Shores,2016
1031,Trademark Channel,Chronicle Mysteries,2019
1031,Trademark Channel,Crossword Mysteries,2019
1031,Trademark Channel,Curious Caterer,2022
1031,Trademark Channel,Darrow & Darrow,2017
1031,Trademark Channel,Deck the Walls,2024
1031,Trademark Channel,Emma Fielding Mysteries,2017
1031,Trademark Channel,Fixer Upper Mysteries,2017
1031,Trademark Channel,Garage Sale Mysteries,2013
1031,Trademark Channel,Good Witch,2015
1031,Trademark Channel,Gourmet Detective,2015
1031,Trademark Channel,Happy Howlidays,2024
1031,Trademark Channel,Holiday Touchdown: A Chiefs Love Story,2024
1031,Trademark Channel,Martha's Vineyard Mysteries,2020
1031,Trademark Channel,Mistletoe Murders,2024
1031,Trademark Channel,Morning Show Mysteries,2016
1031,Trademark Channel,Murder She Baked,2015
1031,Trademark Channel,Mystery 101,2019
1031,Trademark Channel,Picture Perfect Mysteries,2019
1031,Trademark Channel,Providence Falls,2025
1031,Trademark Channel,Ride,2023
1031,Trademark Channel,Romance Movies,Various
1031,Trademark Channel,Santa Tell Me,2024
1031,Trademark Channel,Signed Sealed Delivered,2013
1031,Trademark Channel,The Chicken Sisters,2024
1031,Trademark Channel,The Holiday Sitter,2022
1031,Trademark Channel,The More the Merrier,2025
1031,Trademark Channel,The Way Home,2023
1031,Trademark Channel,Three Wise Men and a Baby,2022
1031,Trademark Channel,Three Wisest Men,2025
1031,Trademark Channel,Twelve Dates 'Til Christmas,2025
1031,Trademark Channel,When Calls the Heart,2014
1031,Trademark Channel,When Hope Calls,2019
1032,Uncover Channel,Aaron Hernandez: An ID Murder Mystery,2020
1032,Uncover Channel,Alaska: The Last Frontier,2011
1032,Uncover Channel,Alaskan Bush People,2014
1032,Uncover Channel,American Chopper,2003
1032,Uncover Channel,Banged Up Abroad,2007
1032,Uncover Channel,BattleBots,2015
1032,Uncover Channel,BattleBots Resurrection,2018
1032,Uncover Channel,Bear Grylls: Escape From Hell,2013
1032,Uncover Channel,Bering Sea Gold,2012
1032,Uncover Channel,Cash Cab (US),2005
1032,Uncover Channel,Cash Cab,2005
1032,Uncover Channel,Deadliest Catch,2005
1032,Uncover Channel,Diesel Brothers,2016
1032,Uncover Channel,Dirty Jobs,2005
1032,Uncover Channel,Dual Survival,2010
1032,Uncover Channel,Expedition Unknown,2015
1032,Uncover Channel,Fallen Idols: Nick and Aaron Carter,2024
1032,Uncover Channel,Fast N' Loud,2012
1032,Uncover Channel,Forensic Files,1996
1032,Uncover Channel,Gold Rush,2010
1032,Uncover Channel,Gold Rush: White Water,2018
1032,Uncover Channel,Greatest Events of WWII in Colour,2019
1032,Uncover Channel,How It's Made,2001
1032,Uncover Channel,How the Universe Works,2010
1032,Uncover Channel,Jared from Subway: Catching a Monster,2023
1032,Uncover Channel,Man vs. Bear,2019
1032,Uncover Channel,Man vs. Wild,2006
1032,Uncover Channel,"Man, Woman, Wild",2010
1032,Uncover Channel,Mantracker,2006
1032,Uncover Channel,Mega Builders,2005
1032,Uncover Channel,Moonshiners,2011
1032,Uncover Channel,MythBusters,2003
1032,Uncover Channel,Naked and Afraid,2013
1032,Uncover Channel,Naked and Afraid Castaways,2023
1032,Uncover Channel,Naked and Afraid XL,2015
1032,Uncover Channel,Naked and Afraid: Alone,2020
1032,Uncover Channel,Naked and Afraid: Last One Standing,2023
1032,Uncover Channel,Naked and Afraid: Savage,2018
1032,Uncover Channel,Naked and Afraid: Solo,2023
1032,Uncover Channel,North America,2013
1032,Uncover Channel,Out of the Wild: The Alaska Experiment,2008
1032,Uncover Channel,Out of the Wild,2008
1032,Uncover Channel,Overhaulin',2004
1032,Uncover Channel,Penn & Teller Tell a Lie,2011
1032,Uncover Channel,Quiet on Set: The Dark Side of Kids TV,2024
1032,Uncover Channel,Ray Mears' Bushcraft,2004
1032,Uncover Channel,Relentless,2021
1032,Uncover Channel,Shark Week,1988
1032,Uncover Channel,Shifting Gears With Aaron Kaufman,2018
1032,Uncover Channel,Signs Of A Psychopath,2020
1032,Uncover Channel,Storm Chasers,2007
1032,Uncover Channel,Street Outlaws,2013
1032,Uncover Channel,Survivorman,2004
1032,Uncover Channel,The Curious Case of Natalia Grace,2023
1032,Uncover Channel,The Last Alaskans,2015
1032,Uncover Channel,Ultimate Survival: Everest,2004
1032,Uncover Channel,Undercover Billionaire,2019
1032,Uncover Channel,Very Scary People,2019
1032,Uncover Channel,Wheeler Dealers,2003
1032,Uncover Channel,Wild Ones,2014
1032,Uncover Channel,Wildest Islands,2012
1033,Animal Globe,A Perfect Planet,2021
1033,Animal Globe,Africa,2013
1033,Animal Globe,Amanda to the Rescue,2018
1033,Animal Globe,Big Cats,2018
1033,Animal Globe,Blue Planet,2001
1033,Animal Globe,Blue Planet II,2017
1033,Animal Globe,Call of the Wildman,2011
1033,Animal Globe,Crikey! It's the Irwins,2018
1033,Animal Globe,Dodo Heroes,2018
1033,Animal Globe,Dolphins - Spy in the Pod,2014
1033,Animal Globe,Dr. Jeff: Rocky Mountain Vet,2015
1033,Animal Globe,Dynasties,2018
1033,Animal Globe,Dynasties II,2022
1033,Animal Globe,Fatal Attractions,2010
1033,Animal Globe,Finding Bigfoot,2011
1033,Animal Globe,Frozen Planet,2011
1033,Animal Globe,Frozen Planet II,2022
1033,Animal Globe,Galapagos,2006
1033,Animal Globe,Gator Boys,2012
1033,Animal Globe,Green Planet,2022
1033,Animal Globe,The Green Planet,2022
1033,Animal Globe,Hidden Kingdoms,2014
1033,Animal Globe,I Was Prey,2017
1033,Animal Globe,Life,2009
1033,Animal Globe,Life in Cold Blood,2008
1033,Animal Globe,Life in the Freezer,1993
1033,Animal Globe,Life in the Undergrowth,2005
1033,Animal Globe,Life on Earth,1979
1033,Animal Globe,Lone Star Law,2016
1033,Animal Globe,Madagascar,2011
1033,Animal Globe,Mammals,2024
1033,Animal Globe,Meerkat Manor,2005
1033,Animal Globe,Monsters Inside Me,2009
1033,Animal Globe,My Cat From Hell,2011
1033,Animal Globe,Nature's Great Events,2009
1033,Animal Globe,North Woods Law,2012
1033,Animal Globe,Orangutan Island,2007
1033,Animal Globe,Our Planet,2019
1033,Animal Globe,Our Planet II,2023
1033,Animal Globe,Penguins - Spy in the Huddle,2013
1033,Animal Globe,Pit Bulls and Parolees,2009
1033,Animal Globe,Planet Earth,2006
1033,Animal Globe,Planet Earth II,2016
1033,Animal Globe,Planet Earth III,2023
1033,Animal Globe,Prehistoric Planet,2022
1033,Animal Globe,Puppy Bowl,2005
1033,Animal Globe,River Monsters,2009
1033,Animal Globe,Serengeti,2019
1033,Animal Globe,Seven Worlds One Planet,2019
1033,Animal Globe,South Pacific,2009
1033,Animal Globe,Spy in the Wild,2017
1033,Animal Globe,Spy in the Wild 2,2020
1033,Animal Globe,Swamp People,2010
1033,Animal Globe,Tanked,2011
1033,Animal Globe,The Crocodile Hunter,1996
1033,Animal Globe,The Hunt,2015
1033,Animal Globe,The Life of Birds,1998
1033,Animal Globe,The Life of Mammals,2002
1033,Animal Globe,The Living Planet,1984
1033,Animal Globe,The Mating Game,2021
1033,Animal Globe,The Private Life of Plants,1995
1033,Animal Globe,The Trials of Life,1990
1033,Animal Globe,The Vet Life,2016
1033,Animal Globe,The Zoo,2017
1033,Animal Globe,The Zoo: San Diego,2019
1033,Animal Globe,Tiger - Spy in the Jungle,2008
1033,Animal Globe,Too Cute!,2011
1033,Animal Globe,Treehouse Masters,2013
1033,Animal Globe,Untamed and Uncut,2008
1033,Animal Globe,Whale Wars,2008
1033,Animal Globe,Wild Isles,2023
1033,Animal Globe,Wildest Latin America,2012
1033,Animal Globe,Yellowstone,2009
1034,YouTV,ALF,1986
1034,YouTV,Alfred Hitchcock Presents,1955
1034,YouTV,Barnaby Jones,1973
1034,YouTV,Batman (1966),1966
1034,YouTV,Big Valley,1965
1034,YouTV,The Big Valley,1965
1034,YouTV,Bonanza,1959
1034,YouTV,Cannon,1971
1034,YouTV,Cheers,1982
1034,YouTV,Columbo,1971
1034,YouTV,Diagnosis: Murder,1993
1034,YouTV,Early Edition,1996
1034,YouTV,Emergency!,1972
1034,YouTV,Get Smart,1965
1034,YouTV,Gilligan's Island,1964
1034,YouTV,"Gomer Pyle, U.S.M.C.",1964
1034,YouTV,Green Acres,1965
1034,YouTV,Gunsmoke,1955
1034,YouTV,Happy Days,1974
1034,YouTV,Hawaii Five-O (1968),1968
1034,YouTV,I Love Lucy,1951
1034,YouTV,Land of the Lost,1974
1034,YouTV,Laverne & Shirley,1976
1034,YouTV,Leave It to Beaver,1957
1034,YouTV,Little House on the Prairie,1974
1034,YouTV,Lost in Space,1965
1034,YouTV,M*A*S*H,1972
1034,YouTV,MacGyver,1985
1034,YouTV,Mannix,1967
1034,YouTV,Matlock,1986
1034,YouTV,Mission: Impossible,1966
1034,YouTV,My Three Sons,1960
1034,YouTV,Nobodies,2017
1034,YouTV,Perry Mason,1957
1034,YouTV,Petticoat Junction,1963
1034,YouTV,Popeye,1933
1034,YouTV,Rawhide,1959
1034,YouTV,Saved by the Bell,1989
1034,YouTV,Star Trek,1966
1034,YouTV,Svengoolie,1970
1034,YouTV,Svengoolie,1995
1034,YouTV,Taxi,1978
1034,YouTV,The Andy Griffith Show,1960
1034,YouTV,The Beverly Hillbillies,1962
1034,YouTV,The Bob Newhart Show,1972
1034,YouTV,The Brady Bunch,1969
1034,YouTV,The Flintstones,1960
1034,YouTV,The Greatest American Hero,1981
1034,YouTV,The Hardy Boys / Nancy Drew Mysteries,1977
1034,YouTV,The Honeymooners,1955
1034,YouTV,The Incredible Hulk,1977
1034,YouTV,The Jetsons,1962
1034,YouTV,The Mary Tyler Moore Show,1970
1034,YouTV,The Munsters,1964
1034,YouTV,The Odd Couple,1970
1034,YouTV,The Rifleman,1958
1034,YouTV,The Six Million Dollar Man,1974
1034,YouTV,The Twilight Zone,1959
1034,YouTV,The Waltons,1971
1034,YouTV,The Wild Wild West,1965
1034,YouTV,Wagon Train,1957
1034,YouTV,"Walker, Texas Ranger",1993
1034,YouTV,Wanted: Dead or Alive,1958
1034,YouTV,Wonder Woman,1975
1035,National Geography,9/11: One Day in America,2021
1035,National Geography,A Perfect Planet,2021
1035,National Geography,Africa,2013
1035,National Geography,Africa's Deadliest,2011
1035,National Geography,Air Crash Investigation,2003
1035,National Geography,Mayday,2003
1035,National Geography,America's National Parks,2015
1035,National Geography,Animal Fight Night,2013
1035,National Geography,Apollo: Missions to the Moon,2019
1035,National Geography,Becoming Cousteau,2021
1035,National Geography,Before the Flood,2016
1035,National Geography,Big Cats,2018
1035,National Geography,Blue Planet,2001
1035,National Geography,Blue Planet II,2017
1035,National Geography,Border Security,2004
1035,National Geography,Border Security: Australia's Front Line,2004
1035,National Geography,Brain Games,2011
1035,National Geography,Cesar 911,2014
1035,National Geography,Cosmos: A Spacetime Odyssey,2014
1035,National Geography,Cosmos,2014
1035,National Geography,Cosmos: Possible Worlds,2020
1035,National Geography,Critter Fixers: Country Vets,2019
1035,National Geography,Dog Whisperer with Cesar Millan,2004
1035,National Geography,Dog Whisperer,2004
1035,National Geography,Dolphin Reef,2020
1035,National Geography,Dolphin Reef,2018
1035,National Geography,Dolphins - Spy in the Pod,2014
1035,National Geography,Doomsday Preppers,2012
1035,National Geography,Dr. Oakley Yukon Vet,2014
1035,National Geography,Drain the Oceans,2018
1035,National Geography,Dynasties,2018
1035,National Geography,Dynasties II,2022
1035,National Geography,Earth Live,2017
1035,National Geography,Elephant,2020
1035,National Geography,Fire of Love,2022
1035,National Geography,Free Solo,2018
1035,National Geography,Frozen Planet,2011
1035,National Geography,Frozen Planet II,2022
1035,National Geography,Galapagos,2006
1035,National Geography,Genius,2017
1035,National Geography,Gordon Ramsay: Uncharted,2019
1035,National Geography,Great Migrations,2010
1035,National Geography,Green Planet,2022
1035,National Geography,The Green Planet,2022
1035,National Geography,Hidden Kingdoms,2014
1035,National Geography,India's Lost Worlds,2016
1035,National Geography,Jane,2017
1035,National Geography,Life,2009
1035,National Geography,Life Below Zero,2013
1035,National Geography,Life in Cold Blood,2008
1035,National Geography,Life in the Freezer,1993
1035,National Geography,Life in the Undergrowth,2005
1035,National Geography,Life on Earth,1979
1035,National Geography,Limitless with Chris Hemsworth,2022
1035,National Geography,Madagascar,2011
1035,National Geography,Mammals,2024
1035,National Geography,March of the Penguins,2005
1035,National Geography,Mars,2016
1035,National Geography,Megastructures,2004
1035,National Geography,Nature's Great Events,2009
1035,National Geography,Nazi Megastructures,2013
1035,National Geography,One Strange Rock,2018
1035,National Geography,Our Planet,2019
1035,National Geography,Our Planet II,2023
1035,National Geography,Penguins,2019
1035,National Geography,Penguins - Spy in the Huddle,2013
1035,National Geography,Planet Earth,2006
1035,National Geography,Planet Earth II,2016
1035,National Geography,Planet Earth III,2023
1035,National Geography,Prehistoric Planet,2022
1035,National Geography,Primal Survivor,2016
1035,National Geography,Running Wild with Bear Grylls,2014
1035,National Geography,Science Fair,2018
1035,National Geography,Seconds from Disaster,2004
1035,National Geography,Secrets of the Elephants,2023
1035,National Geography,Secrets of the Whales,2021
1035,National Geography,Serengeti,2019
1035,National Geography,Seven Worlds One Planet,2019
1035,National Geography,South Pacific,2009
1035,National Geography,Spy in the Wild,2017
1035,National Geography,Spy in the Wild 2,2020
1035,National Geography,The Hot Zone,2019
1035,National Geography,The Hunt,2015
1035,National Geography,The Incredible Dr. Pol,2011
1035,National Geography,The Life of Birds,1998
1035,National Geography,The Life of Mammals,2002
1035,National Geography,The Living Planet,1984
1035,National Geography,The Long Road Home,2017
1035,National Geography,The Mating Game,2021
1035,National Geography,The Private Life of Plants,1995
1035,National Geography,The Rescue,2021
1035,National Geography,The Story of God with Morgan Freeman,2016
1035,National Geography,The Trials of Life,1990
1035,National Geography,Tiger - Spy in the Jungle,2008
1035,National Geography,To Catch a Smuggler,2020
1035,National Geography,Trafficked with Mariana van Zeller,2020
1035,National Geography,Ultimate Factories,2006
1035,National Geography,Ultimate Survival Alaska,2013
1035,National Geography,Valley of the Boom,2019
1035,National Geography,Welcome to Earth,2021
1035,National Geography,Wicked Tuna,2012
1035,National Geography,Wicked Tuna: Outer Banks,2014
1035,National Geography,Wild Isles,2023
1035,National Geography,Yellowstone,2009
1036,Sigh-Fi,12 Monkeys,2015
1036,Sigh-Fi,Alphas,2011
1036,Sigh-Fi,Andromeda,2000
1036,Sigh-Fi,Battlestar Galactica,2004
1036,Sigh-Fi,Behemoth,2015
1036,Sigh-Fi,Caprica,2010
1036,Sigh-Fi,Channel Zero,2016
1036,Sigh-Fi,Chucky,2021
1036,Sigh-Fi,Dark Matter,2015
1036,Sigh-Fi,Defiance,2013
1036,Sigh-Fi,Destination Truth,2007
1036,Sigh-Fi,Doctor Who,2005
1036,Sigh-Fi,Eureka,2006
1036,Sigh-Fi,Face Off,2011
1036,Sigh-Fi,Fact or Faked: Paranormal Files,2010
1036,Sigh-Fi,Fantastic Beasts and Where to Find Them,2016
1036,Sigh-Fi,Fantastic Beasts: The Crimes of Grindelwald,2018
1036,Sigh-Fi,Fantastic Beasts: The Secrets of Dumbledore,2022
1036,Sigh-Fi,Farscape,1999
1036,Sigh-Fi,Ghost Hunters,2004
1036,Sigh-Fi,Harry Potter and the Chamber of Secrets,2002
1036,Sigh-Fi,Harry Potter and the Deathly Hallows: Part 1,2010
1036,Sigh-Fi,Harry Potter and the Deathly Hallows: Part 2,2011
1036,Sigh-Fi,Harry Potter and the Goblet of Fire,2005
1036,Sigh-Fi,Harry Potter and the Half-Blood Prince,2009
1036,Sigh-Fi,Harry Potter and the Order of the Phoenix,2007
1036,Sigh-Fi,Harry Potter and the Prisoner of Azkaban,2004
1036,Sigh-Fi,Harry Potter and the Sorcerer's Stone,2001
1036,Sigh-Fi,Harry Potter and the Philosopher's Stone,2001
1036,Sigh-Fi,Haven,2010
1036,Sigh-Fi,Incorporated,2016
1036,Sigh-Fi,Killjoys,2015
1036,Sigh-Fi,Krypton,2018
1036,Sigh-Fi,Leprechaun Returns,2018
1036,Sigh-Fi,Paranormal Witness,2011
1036,Sigh-Fi,Quantum Leap,1989
1036,Sigh-Fi,Red Clover,2012
1036,Sigh-Fi,Reginald the Vampire,2022
1036,Sigh-Fi,Resident Alien,2021
1036,Sigh-Fi,Sanctuary,2008
1036,Sigh-Fi,Science Fiction Movies,Various
1036,Sigh-Fi,Sliders,1995
1036,Sigh-Fi,Stargate Atlantis,2004
1036,Sigh-Fi,Stargate SG-1,1997
1036,Sigh-Fi,Stargate Universe,2009
1036,Sigh-Fi,The Ark,2023
1036,Sigh-Fi,The Expanse,2015
1036,Sigh-Fi,The Magicians,2015
1036,Sigh-Fi,Van Helsing,2016
1036,Sigh-Fi,Warehouse 13,2009
1036,Sigh-Fi,Wynonna Earp,2016
1036,Sigh-Fi,Z Nation,2014
1037,Terror Channel,28 Years Later,2025
1037,Terror Channel,Alien: Romulus,2024
1037,Terror Channel,Angel,1999
1037,Terror Channel,Are You Afraid of the Dark?,1990
1037,Terror Channel,Are You Afraid of the Dark?,1992
1037,Terror Channel,Ash vs Evil Dead,2015
1037,Terror Channel,Barbarian,2022
1037,Terror Channel,Bates Motel,2013
1037,Terror Channel,Black Mirror,2011
1037,Terror Channel,Buffy the Vampire Slayer,1997
1037,Terror Channel,Castle Rock,2018
1037,Terror Channel,Channel Zero,2016
1037,Terror Channel,Creepshow (Series),2019
1037,Terror Channel,Creepshow,2019
1037,Terror Channel,Dead Set,2008
1037,Terror Channel,Fear the Walking Dead,2015
1037,Terror Channel,From Dusk Till Dawn: The Series,2014
1037,Terror Channel,Goosebumps,1995
1037,Terror Channel,Hannibal,2013
1037,Terror Channel,Hemlock Grove,2013
1037,Terror Channel,Horror Movies,Various
1037,Terror Channel,Longlegs,2024
1037,Terror Channel,M3GAN,2022
1037,Terror Channel,Masters of Horror,2005
1037,Terror Channel,Midnight Mass,2021
1037,Terror Channel,Nosferatu,2024
1037,Terror Channel,Penny Dreadful,2014
1037,Terror Channel,Servant,2019
1037,Terror Channel,Sinners,2025
1037,Terror Channel,Slasher,2016
1037,Terror Channel,Smile,2022
1037,Terror Channel,Smile 2,2024
1037,Terror Channel,Supernatural,2005
1037,Terror Channel,Tales from the Crypt,1989
1037,Terror Channel,Talk to Me,2022
1037,Terror Channel,Terrifier 3,2024
1037,Terror Channel,The Fall of the House of Usher,2023
1037,Terror Channel,The Haunting of Bly Manor,2020
1037,Terror Channel,The Haunting of Hill House,2018
1037,Terror Channel,The Outer Limits,1995
1037,Terror Channel,The Strain,2014
1037,Terror Channel,The Substance,2024
1037,Terror Channel,The Twilight Zone (1959),1959
1037,Terror Channel,The Twilight Zone (2019),2019
1037,Terror Channel,The Walking Dead,2010
1037,Terror Channel,The X-Files,1993
1037,Terror Channel,Twin Peaks,1990
1038,Comedy Middle,6 Days to Air: The Making of South Park,2011
1038,Comedy Middle,Ali Siddiq: It's Bigger Than These Bars,2018
1038,Comedy Middle,Amy Schumer: Mostly Sex Stuff,2012
1038,Comedy Middle,Another Period,2015
1038,Comedy Middle,Awkwafina Is Nora from Queens,2020
1038,Comedy Middle,Aziz Ansari: Intimate Moments for a Sensual Evening,2010
1038,Comedy Middle,Brickleberry,2012
1038,Comedy Middle,Broad City,2014
1038,Comedy Middle,Chappelle's Show,2003
1038,Comedy Middle,Christmas Time in South Park,2007
1038,Comedy Middle,Comedy Central Presents,1998
1038,Comedy Middle,Comedy Central Roast of Bob Saget,2008
1038,Comedy Middle,Comedy Central Roasts,2003
1038,Comedy Middle,Comedy Movies,Various
1038,Comedy Middle,Corporate,2018
1038,Comedy Middle,Crank Yankers,2002
1038,Comedy Middle,David Spade: My Fake Problems,2014
1038,Comedy Middle,Demetri Martin. Person.,2007
1038,Comedy Middle,Detroiters,2017
1038,Comedy Middle,Digman!,2023
1038,Comedy Middle,Dog Bites Man,2006
1038,Comedy Middle,"Dr. Katz, Professional Therapist",1995
1038,Comedy Middle,Drawn Together,2004
1038,Comedy Middle,Drunk History,2013
1038,Comedy Middle,Exit 57,1995
1038,Comedy Middle,Fairview,2022
1038,Comedy Middle,Futurama,1999
1038,Comedy Middle,Gabriel Iglesias: Aloha Fluffy,2013
1038,Comedy Middle,Gabriel Iglesias: I'm Not Fat... I'm Fluffy,2009
1038,Comedy Middle,Hannibal Buress: Animal Furnace,2012
1038,Comedy Middle,Idiotsitter,2016
1038,Comedy Middle,Important Things With Demetri Martin,2009
1038,Comedy Middle,Inside Amy Schumer,2013
1038,Comedy Middle,Jason Nash Is Married,2014
1038,Comedy Middle,Jay Mohr: My Turn,2003
1038,Comedy Middle,Jeff Ross Roasts Criminals: Live at Brazos County Jail,2015
1038,Comedy Middle,"Jeff Ross Roasts the Border: Live from Brownsville, Texas",2017
1038,Comedy Middle,Jeff Ross Roasts the Border,2017
1038,Comedy Middle,Jim Jefferies: Alcoholocaust,2010
1038,Comedy Middle,Joe List: I Hate Myself,2020
1038,Comedy Middle,Jon Benjamin Has a Van,2011
1038,Comedy Middle,Kevin Hart: Laugh at My Pain,2011
1038,Comedy Middle,Kevin James: Sweat the Small Stuff,2001
1038,Comedy Middle,Key & Peele,2012
1038,Comedy Middle,Kristen Schaal: Live at the Fillmore,2013
1038,Comedy Middle,Kroll Show,2013
1038,Comedy Middle,Legends of Chamberlain Heights,2016
1038,Comedy Middle,Lewis Black: Black to the Future,2016
1038,Comedy Middle,Mike Judge's Beavis and Butt-Head,2022
1038,Comedy Middle,Mind of Mencia,2005
1038,Comedy Middle,Mystery Science Theater 3000,1989
1038,Comedy Middle,Nathan for You,2013
1038,Comedy Middle,Nick Swardson's Pretend Time,2010
1038,Comedy Middle,"Nick Swardson: Seriously, Who Farted?",2009
1038,Comedy Middle,Nick Swardson: Taste It,2015
1038,Comedy Middle,Nikki Glaser: Perfect,2016
1038,Comedy Middle,Norm Macdonald: Me Doing Standup,2011
1038,Comedy Middle,Parks and Recreation,2009
1038,Comedy Middle,Patton Oswalt: No Reason to Complain,2004
1038,Comedy Middle,Patton Oswalt: Tragedy Plus Comedy Equals Time,2014
1038,Comedy Middle,Paul F. Tompkins: Crying and Driving,2015
1038,Comedy Middle,"Pete Holmes: Nice Try, the Devil!",2013
1038,Comedy Middle,Ralphie May: Austin-Tatious,2008
1038,Comedy Middle,Reno 911!,2003
1038,Comedy Middle,Reno 911!: Miami,2007
1038,Comedy Middle,Review,2014
1038,Comedy Middle,Roy Wood Jr.: No One Loves You,2019
1038,Comedy Middle,Sam Morril: Positive Influence,2018
1038,Comedy Middle,Seinfeld,1989
1038,Comedy Middle,South Park,1997
1038,Comedy Middle,"South Park: Bigger, Longer & Uncut",1999
1038,Comedy Middle,South Park: Imaginationland,2008
1038,Comedy Middle,South Side,2019
1038,Comedy Middle,Stewart Lee: Carpet Remnant World,2012
1038,Comedy Middle,"Stewart Lee: If You Prefer a Milder Comedian, Please Ask for One",2010
1038,Comedy Middle,Strangers with Candy,2006
1038,Comedy Middle,The Colbert Report,2005
1038,Comedy Middle,The Daily Show,1996
1038,Comedy Middle,The Man Show,1999
1038,Comedy Middle,The Office (US),2005
1038,Comedy Middle,The Office,2005
1038,Comedy Middle,The Opposition with Jordan Klepper,2017
1038,Comedy Middle,The Other Two,2019
1038,Comedy Middle,The Sarah Silverman Program,2007
1038,Comedy Middle,Tosh.0,2009
1038,Comedy Middle,TripTank,2014
1038,Comedy Middle,Ugly Americans,2010
1038,Comedy Middle,Upright Citizens Brigade,1998
1038,Comedy Middle,Workaholics,2011
1039,M.G.N.,Bat Masterson,1958
1039,M.G.N.,Billy the Kid,2022
1039,M.G.N.,Condor,2018
1039,M.G.N.,Earth Abides,2024
1039,M.G.N.,Fame,1982
1039,M.G.N.,Fargo,2014
1039,M.G.N.,Flipper,1964
1039,M.G.N.,From,2022
1039,M.G.N.,Get Shorty (Series),2017
1039,M.G.N.,Get Shorty,2017
1039,M.G.N.,Godfather of Harlem,2019
1039,M.G.N.,Green Acres,1965
1039,M.G.N.,Highway Patrol,1955
1039,M.G.N.,Hotel Cocaine,2024
1039,M.G.N.,In the Heat of the Night,1988
1039,M.G.N.,Movies,Various
1039,M.G.N.,Mr. Ed,1961
1039,M.G.N.,Nine Bodies in a Mexican Morgue,2025
1039,M.G.N.,Rat Patrol,1966
1039,M.G.N.,The Rat Patrol,1966
1039,M.G.N.,Sea Hunt,1958
1039,M.G.N.,Stargate Atlantis,2004
1039,M.G.N.,Stargate SG-1,1997
1039,M.G.N.,Stargate Universe,2009
1039,M.G.N.,Teen Wolf,2011
1039,M.G.N.,The Addams Family,1964
1039,M.G.N.,The Handmaid's Tale,2017
1039,M.G.N.,The Institute,2025
1039,M.G.N.,The Pink Panther,1969
1039,M.G.N.,Vikings,2013
1040,Watch-On-Repeat,30 Rock,2006
1040,Watch-On-Repeat,American Dad!,2005
1040,Watch-On-Repeat,Arrested Development,2003
1040,Watch-On-Repeat,Bob's Burgers,2011
1040,Watch-On-Repeat,Brooklyn Nine-Nine,2013
1040,Watch-On-Repeat,Community,2009
1040,Watch-On-Repeat,Criminal Minds,2005
1040,Watch-On-Repeat,Family Guy,1999
1040,Watch-On-Repeat,Friends,1994
1040,Watch-On-Repeat,Futurama,1999
1040,Watch-On-Repeat,Gilmore Girls,2000
1040,Watch-On-Repeat,Grey's Anatomy,2005
1040,Watch-On-Repeat,How I Met Your Mother,2005
1040,Watch-On-Repeat,It's Always Sunny in Philadelphia,2005
1040,Watch-On-Repeat,King of the Hill,1997
1040,Watch-On-Repeat,Law & Order: Special Victims Unit,1999
1040,Watch-On-Repeat,Modern Family,2009
1040,Watch-On-Repeat,NCIS,2003
1040,Watch-On-Repeat,New Girl,2011
1040,Watch-On-Repeat,Parks and Recreation,2009
1040,Watch-On-Repeat,Psych,2006
1040,Watch-On-Repeat,Rick and Morty,2013
1040,Watch-On-Repeat,Schitt's Creek,2015
1040,Watch-On-Repeat,Scrubs,2001
1040,Watch-On-Repeat,Seinfeld,1989
1040,Watch-On-Repeat,South Park,1997
1040,Watch-On-Repeat,Supernatural,2005
1040,Watch-On-Repeat,The Big Bang Theory,2007
1040,Watch-On-Repeat,The Office (US),2005
1040,Watch-On-Repeat,The Office,2005
1040,Watch-On-Repeat,The Simpsons,1989
1041,Nap @ Nite,Are You Afraid of the Dark?,1992
1041,Nap @ Nite,Bewitched,1964
1041,Nap @ Nite,Family Matters,1989
1041,Nap @ Nite,Friends,1994
1041,Nap @ Nite,Full House,1987
1041,Nap @ Nite,George Lopez,2002
1041,Nap @ Nite,Home Improvement,1991
1041,Nap @ Nite,I Dream of Jeannie,1965
1041,Nap @ Nite,Mom,2013
1041,Nap @ Nite,"Sister, Sister",1994
1041,Nap @ Nite,The Fresh Prince of Bel-Air,1990
1041,Nap @ Nite,The King of Queens,1998
1041,Nap @ Nite,The Nanny,1993
1041,Nap @ Nite,Three's Company,1976
1042,Faux Kids,Animaniacs,1993
1042,Faux Kids,Batman: The Animated Series,1992
1042,Faux Kids,X-Men,1992
1042,Faux Kids,Spider-Man: The Animated Series,1994
1042,Faux Kids,Spider-Man,1994
1042,Faux Kids,Mighty Morphin Power Rangers,1993
1042,Faux Kids,Power Rangers,1993
1042,Faux Kids,Digimon: Digital Monsters,1999
1042,Faux Kids,Goosebumps,1995
1042,Faux Kids,Bobby's World,1990
1042,Faux Kids,Eek! The Cat,1992
1042,Faux Kids,Beetlejuice,1989
1042,Faux Kids,Power Rangers Zeo,1996
1042,Faux Kids,Power Rangers in Space,1998
1042,Faux Kids,Life with Louie,1995
1042,Faux Kids,Big Bad Beetleborgs,1996
1042,Faux Kids,VR Troopers,1994
1042,Faux Kids,"Eerie, Indiana",1991
1042,Faux Kids,Adventures of Sonic the Hedgehog,1993
1042,Faux Kids,Beast Wars: Transformers,1996
1043,Kids' DuB,Pokémon,1997
1043,Kids' DuB,Yu-Gi-Oh!,2000
1043,Kids' DuB,Static Shock,2000
1043,Kids' DuB,Jackie Chan Adventures,2000
1043,Kids' DuB,The Batman,2004
1043,Kids' DuB,Teen Titans,2003
1043,Kids' DuB,Justice League,2001
1043,Kids' DuB,Justice League Unlimited,2004
1043,Kids' DuB,The Sylvester & Tweety Mysteries,1995
1043,Kids' DuB,Men in Black: The Series,1997
1043,Kids' DuB,Animaniacs,1993
1043,Kids' DuB,Pinky and the Brain,1995
1043,Kids' DuB,Freakazoid!,1995
1043,Kids' DuB,Tiny Toon Adventures,1990
1043,Kids' DuB,Batman Beyond,1999
1043,Kids' DuB,Superman: The Animated Series,1996
1043,Kids' DuB,Xiaolin Showdown,2003
1043,Kids' DuB,Johnny Test,2005
1044,TeeBS,American Dad!,2005
1044,TeeBS,Angie Tribeca,2016
1044,TeeBS,Captain Planet and the Planeteers,1990
1044,TeeBS,Close Enough,2020
1044,TeeBS,Conan,2010
1044,TeeBS,Cougar Town,2009
1044,TeeBS,Dan Da Dan,2024
1044,TeeBS,Family Guy,1999
1044,TeeBS,Friends,1994
1044,TeeBS,Full Frontal with Samantha Bee,2016
1044,TeeBS,Ground Floor,2013
1044,TeeBS,JUJUTSU KAISEN,2020
1044,TeeBS,Miracle Workers,2019
1044,TeeBS,Search Party,2016
1044,TeeBS,Seinfeld,1989
1044,TeeBS,Swat Kats: The Radical Squadron,1993
1044,TeeBS,The Big Bang Theory,2007
1044,TeeBS,The Detour,2016
1044,TeeBS,The Last O.G.,2018
1045,Spoke,1000 Ways to Die,2008
1045,Spoke,Auction Hunters,2010
1045,Spoke,Bar Rescue,2011
1045,Spoke,Blue Mountain State,2010
1045,Spoke,Deadliest Warrior,2009
1045,Spoke,Gangland,2007
1045,Spoke,Ink Master,2012
1045,Spoke,Lip Sync Battle,2015
1045,Spoke,MXC,2003
1045,Spoke,Manswers,2007
1045,Spoke,The Ultimate Fighter,2005
1045,Spoke,Unsolved Mysteries,1988
1045,Spoke,World's Wildest Police Videos,1998
1046,TruthTV,Adam Ruins Everything,2015
1046,TruthTV,At Home with Amy Sedaris,2017
1046,TruthTV,Billy on the Street,2011
1046,TruthTV,Cops,1989
1046,TruthTV,Hack My Life,2015
1046,TruthTV,Hardcore Pawn,2010
1046,TruthTV,Impractical Jokers,2011
1046,TruthTV,Lizard Lick Towing,2011
1046,TruthTV,South Beach Tow,2011
1046,TruthTV,Tacoma FD,2019
1046,TruthTV,The Carbonaro Effect,2014
1046,TruthTV,Those Who Can't,2016
1046,TruthTV,World's Dumbest...,2008
1047,US Yay,American Gladiators,1988
1047,US Yay,Burn Notice,2007
1047,US Yay,Chrisley Knows Best,2014
1047,US Yay,Colony,2016
1047,US Yay,Covert Affairs,2010
1047,US Yay,Graceland,2013
1047,US Yay,Highlander: The Animated Series,1994
1047,US Yay,In Plain Sight,2008
1047,US Yay,La Femme Nikita,1997
1047,US Yay,Monk,2002
1047,US Yay,Mr. Robot,2015
1047,US Yay,Necessary Roughness,2011
1047,US Yay,Psych,2006
1047,US Yay,Queen of the South,2016
1047,US Yay,Royal Pains,2009
1047,US Yay,Shooter,2016
1047,US Yay,Silk Stalkings,1991
1047,US Yay,Suits,2011
1047,US Yay,Swamp Thing,1990
1047,US Yay,Temptation Island (US),2019
1047,US Yay,Temptation Island,2019
1047,US Yay,The Purge,2018
1047,US Yay,The Rainmaker,2025
1047,US Yay,The Sinner,2017
1047,US Yay,White Collar,2009
1048,A&Me,60 Days In,2016
1048,A&Me,Bates Motel,2013
1048,A&Me,Cold Case Files,1999
1048,A&Me,Criss Angel Mindfreak,2005
1048,A&Me,Dog the Bounty Hunter,2004
1048,A&Me,Duck Dynasty,2012
1048,A&Me,Hoarders,2009
1048,A&Me,Intervention,2005
1048,A&Me,Leah Remini: Scientology and the Aftermath,2016
1048,A&Me,Parking Wars,2008
1048,A&Me,Steven Seagal: Lawman,2009
1048,A&Me,Storage Wars,2010
1048,A&Me,The Clinton Affair,2018
1048,A&Me,The First 48,2004
1048,A&Me,The First 48: Missing Persons,2011
1048,A&Me,The Unexplained,1996
1048,A&Me,WWE LFG,2025
1049,GuessSN,America Says,2018
1049,GuessSN,Are You Smarter Than a 5th Grader,2007
1049,GuessSN,Baggage,2010
1049,GuessSN,Card Sharks,1978
1049,GuessSN,Cash Cab (US),2005
1049,GuessSN,Cash Cab,2005
1049,GuessSN,Classic Concentration,1987
1049,GuessSN,Common Knowledge,2019
1049,GuessSN,Deal or No Deal,2005
1049,GuessSN,Family Feud,1976
1049,GuessSN,Family Feud,1999
1049,GuessSN,Hot Potato,1984
1049,GuessSN,Jeopardy!,1984
1049,GuessSN,Master Minds,2020
1049,GuessSN,Match Game,1962
1049,GuessSN,Match Game,1973
1049,GuessSN,Password,1961
1049,GuessSN,People Puzzler,2021
1049,GuessSN,Press Your Luck,1983
1049,GuessSN,Snoop Dogg Presents The Joker's Wild,2017
1049,GuessSN,Supermarket Sweep,1965
1049,GuessSN,Supermarket Sweep,2020
1049,GuessSN,The $100000 Pyramid,1985
1049,GuessSN,The Chase (US),2013
1049,GuessSN,The Chase,2013
1049,GuessSN,The Joker's Wild,1972
1049,GuessSN,The Price Is Right,1972
1049,GuessSN,To Tell the Truth,1956
1049,GuessSN,Wheel of Fortune,1975
1049,GuessSN,Who Wants to Be a Millionaire (US),1999
1049,GuessSN,Who Wants to Be a Millionaire?,1998
1050,TCN,Movies,Various
1051,Adult Skim,Aqua Teen Forever: Plantasm,2022
1051,Adult Skim,Aqua Teen Hunger Force,2000
1051,Adult Skim,Common Side Effects,2025
1051,Adult Skim,Eagleheart,2011
1051,Adult Skim,Frisky Dingo,2006
1051,Adult Skim,"Harvey Birdman, Attorney at Law",2000
1051,Adult Skim,Joe Pera Talks with You,2018
1051,Adult Skim,Metalocalypse,2006
1051,Adult Skim,Mike Tyson Mysteries,2014
1051,Adult Skim,Moral Orel,2005
1051,Adult Skim,Mr. Pickles,2014
1051,Adult Skim,NTSF:SD:SUV::,2011
1051,Adult Skim,Primal,2019
1051,Adult Skim,Rick and Morty,2013
1051,Adult Skim,Robot Chicken,2005
1051,Adult Skim,Sealab 2021,2000
1051,Adult Skim,Smiling Friends,2020
1051,Adult Skim,Space Ghost Coast to Coast,1994
1051,Adult Skim,Squidbillies,2005
1051,Adult Skim,The Boondocks,2005
1051,Adult Skim,The Brak Show,2000
1051,Adult Skim,The Eric Andre Show,2012
1051,Adult Skim,The Venture Bros.,2004
1051,Adult Skim,The Venture Bros.: Radiant Is the Blood of the Baboon Heart,2023
1051,Adult Skim,"Tim and Eric Awesome Show, Great Job!",2007
1052,Holiday Channel,Holiday Movies,Various
1053,VHS Channel,Aerobics Oz Style,1982
1053,VHS Channel,Alf,1986
1053,VHS Channel,Beakman's World,1992
1053,VHS Channel,Dinosaurs,1991
1053,VHS Channel,Double Dare,1986
1053,VHS Channel,DuckTales,1987
1053,VHS Channel,Family Matters,1989
1053,VHS Channel,Full House,1987
1053,VHS Channel,G.I. Joe: A Real American Hero,1983
1053,VHS Channel,GUTS,1992
1053,VHS Channel,Garfield and Friends,1988
1053,VHS Channel,He-Man and the Masters of the Universe,1983
1053,VHS Channel,Heathcliff,1984
1053,VHS Channel,Inspector Gadget,1983
1053,VHS Channel,Jane Fonda's Workout,1982
1053,VHS Channel,Jem and the Holograms,1985
1053,VHS Channel,Legends of the Hidden Temple,1993
1053,VHS Channel,M.A.S.K.,1985
1053,VHS Channel,Muppet Babies,1984
1053,VHS Channel,Perfect Strangers,1986
1053,VHS Channel,Punky Brewster,1984
1053,VHS Channel,Robotech,1985
1053,VHS Channel,Saved by the Bell,1989
1053,VHS Channel,She-Ra: Princess of Power,1985
1053,VHS Channel,Shop 'til You Drop,1991
1053,VHS Channel,Small Wonder,1985
1053,VHS Channel,Step by Step,1991
1053,VHS Channel,Supermarket Sweep,1965
1053,VHS Channel,Supermarket Sweep,2020
1053,VHS Channel,Teenage Mutant Ninja Turtles,1987
1053,VHS Channel,The Joy of Painting,1983
1053,VHS Channel,The Real Ghostbusters,1986
1053,VHS Channel,The Wonder Years,1988
1053,VHS Channel,Thundercats,1985
1053,VHS Channel,Transformers (G1),1984
1053,VHS Channel,The Transformers,1984
1053,VHS Channel,Voltron,1984
1053,VHS Channel,Who's the Boss?,1984
1054,LACKLUSTER,101 Dalmatians,1961
1054,LACKLUSTER,Airport,1970
1054,LACKLUSTER,Aladdin,1992
1054,LACKLUSTER,American Graffiti,1973
1054,LACKLUSTER,Around the World in 80 Days,1956
1054,LACKLUSTER,Avatar,2009
1054,LACKLUSTER,Avatar: The Way of Water,2022
1054,LACKLUSTER,Avengers: Endgame,2019
1054,LACKLUSTER,Avengers: Infinity War,2018
1054,LACKLUSTER,Back to the Future,1985
1054,LACKLUSTER,Bambi,1942
1054,LACKLUSTER,Barbie,2023
1054,LACKLUSTER,Batman,1989
1054,LACKLUSTER,Beauty and the Beast,1991
1054,LACKLUSTER,Ben-Hur,1959
1054,LACKLUSTER,Beverly Hills Cop,1984
1054,LACKLUSTER,Black Panther,2018
1054,LACKLUSTER,Blazing Saddles,1974
1054,LACKLUSTER,Butch Cassidy and the Sundance Kid,1969
1054,LACKLUSTER,Cleopatra,1963
1054,LACKLUSTER,Close Encounters of the Third Kind,1977
1054,LACKLUSTER,Deadpool & Wolverine,2024
1054,LACKLUSTER,Doctor Zhivago,1965
1054,LACKLUSTER,Duel in the Sun,1946
1054,LACKLUSTER,E.T. the Extra-Terrestrial,1982
1054,LACKLUSTER,Fantasia,1940
1054,LACKLUSTER,Finding Nemo,2003
1054,LACKLUSTER,Forrest Gump,1994
1054,LACKLUSTER,Frozen,2013
1054,LACKLUSTER,Frozen II,2019
1054,LACKLUSTER,Furious 7,2015
1054,LACKLUSTER,Ghost,1990
1054,LACKLUSTER,Ghostbusters,1984
1054,LACKLUSTER,Gladiator,2000
1054,LACKLUSTER,Goldfinger,1964
1054,LACKLUSTER,Gone with the Wind,1939
1054,LACKLUSTER,Grease,1978
1054,LACKLUSTER,Harry Potter and the Deathly Hallows: Part 2,2011
1054,LACKLUSTER,Harry Potter and the Philosopher's Stone,2001
1054,LACKLUSTER,Harry Potter and the Sorcerer's Stone,2001
1054,LACKLUSTER,Home Alone,1990
1054,LACKLUSTER,House of Wax,1953
1054,LACKLUSTER,Incredibles 2,2018
1054,LACKLUSTER,Independence Day,1996
1054,LACKLUSTER,Indiana Jones and the Temple of Doom,1984
1054,LACKLUSTER,Inside Out 2,2024
1054,LACKLUSTER,"It's a Mad, Mad, Mad, Mad World",1963
1054,LACKLUSTER,Jaws,1975
1054,LACKLUSTER,Jurassic Park,1993
1054,LACKLUSTER,Jurassic World,2015
1054,LACKLUSTER,Lady and the Tramp,1955
1054,LACKLUSTER,Lawrence of Arabia,1962
1054,LACKLUSTER,Love Story,1970
1054,LACKLUSTER,M*A*S*H,1970
1054,LACKLUSTER,Mary Poppins,1964
1054,LACKLUSTER,Men in Black,1997
1054,LACKLUSTER,Minions,2015
1054,LACKLUSTER,Mrs. Doubtfire,1993
1054,LACKLUSTER,Mrs. Miniver,1942
1054,LACKLUSTER,My Fair Lady,1964
1054,LACKLUSTER,National Lampoon's Animal House,1978
1054,LACKLUSTER,Animal House,1978
1054,LACKLUSTER,One Flew Over the Cuckoo's Nest,1975
1054,LACKLUSTER,One Hundred and One Dalmatians,1961
1054,LACKLUSTER,Pinocchio,1940
1054,LACKLUSTER,Pretty Woman,1990
1054,LACKLUSTER,Raiders of the Lost Ark,1981
1054,LACKLUSTER,Rear Window,1954
1054,LACKLUSTER,Return of the Jedi,1983
1054,LACKLUSTER,Rocky,1976
1054,LACKLUSTER,Rogue One: A Star Wars Story,2016
1054,LACKLUSTER,Saving Private Ryan,1998
1054,LACKLUSTER,Sergeant York,1941
1054,LACKLUSTER,Shrek,2001
1054,LACKLUSTER,Shrek 2,2004
1054,LACKLUSTER,Smokey and the Bandit,1977
1054,LACKLUSTER,Snow White and the Seven Dwarfs,1937
1054,LACKLUSTER,Spider-Man,2002
1054,LACKLUSTER,Spider-Man 2,2004
1054,LACKLUSTER,Spider-Man: No Way Home,2021
1054,LACKLUSTER,Star Wars,1977
1054,LACKLUSTER,Star Wars: Episode I - The Phantom Menace,1999
1054,LACKLUSTER,Star Wars: The Force Awakens,2015
1054,LACKLUSTER,Star Wars: The Last Jedi,2017
1054,LACKLUSTER,Superman,1978
1054,LACKLUSTER,Swiss Family Robinson,1960
1054,LACKLUSTER,Terminator 2: Judgment Day,1991
1054,LACKLUSTER,The Avengers,2012
1054,LACKLUSTER,The Bells of St. Mary's,1945
1054,LACKLUSTER,The Best Years of Our Lives,1946
1054,LACKLUSTER,The Bridge on the River Kwai,1957
1054,LACKLUSTER,The Dark Knight,2008
1054,LACKLUSTER,The Dark Knight Rises,2012
1054,LACKLUSTER,The Empire Strikes Back,1980
1054,LACKLUSTER,The Exorcist,1973
1054,LACKLUSTER,The Fugitive,1993
1054,LACKLUSTER,The Godfather,1972
1054,LACKLUSTER,The Graduate,1967
1054,LACKLUSTER,The Greatest Show on Earth,1952
1054,LACKLUSTER,The Jungle Book,1967
1054,LACKLUSTER,The Lion King,1994
1054,LACKLUSTER,The Lord of the Rings: The Return of the King,2003
1054,LACKLUSTER,The Lost World: Jurassic Park,1997
1054,LACKLUSTER,The Matrix,1999
1054,LACKLUSTER,The Passion of the Christ,2004
1054,LACKLUSTER,The Poseidon Adventure,1972
1054,LACKLUSTER,The Robe,1953
1054,LACKLUSTER,The Rocky Horror Picture Show,1975
1054,LACKLUSTER,The Sixth Sense,1999
1054,LACKLUSTER,The Sound of Music,1965
1054,LACKLUSTER,The Sting,1973
1054,LACKLUSTER,The Super Mario Bros. Movie,2023
1054,LACKLUSTER,The Ten Commandments,1956
1054,LACKLUSTER,The Towering Inferno,1974
1054,LACKLUSTER,Thunderball,1965
1054,LACKLUSTER,Titanic,1997
1054,LACKLUSTER,Tootsie,1982
1054,LACKLUSTER,Top Gun,1986
1054,LACKLUSTER,Top Gun: Maverick,2022
1054,LACKLUSTER,Toy Story,1995
1054,LACKLUSTER,Toy Story 3,2010
1054,LACKLUSTER,Twister,1996
1054,LACKLUSTER,West Side Story,1961
1054,LACKLUSTER,Wicked,2024
1055,SPARZ,American Gods,2017
1055,SPARZ,Black Sails,2014
1055,SPARZ,Dune: Part Two,2024
1055,SPARZ,Everything Everywhere All at Once,2022
1055,SPARZ,Gaslit,2022
1055,SPARZ,Heels,2021
1055,SPARZ,Hightown,2020
1055,SPARZ,Minx,2022
1055,SPARZ,Nude,2017
1055,SPARZ,Oppenheimer,2023
1055,SPARZ,Outlander,2014
1055,SPARZ,Outlander: Blood of My Blood,2025
1055,SPARZ,Party Down,2009
1055,SPARZ,Power Book IV: Force,2022
1055,SPARZ,Shining Vale,2022
1055,SPARZ,Spartacus,2010
1055,SPARZ,Spartacus: House of Ashur,2025
1055,SPARZ,Spider-Man: No Way Home,2021
1055,SPARZ,Survivor's Remorse,2014
1055,SPARZ,The Girlfriend Experience,2016
1055,SPARZ,The Serpent Queen,2022
1055,SPARZ,Top Gun: Maverick,2022
1055,SPARZ,Vida,2018
1055,SPARZ,Action Movies,Various
1055,SPARZ,P-Valley,2020
1055,SPARZ,Power,2014
1055,SPARZ,Power Book II: Ghost,2020
1055,SPARZ,Power Book III: Raising Kanan,2021
1055,SPARZ,BMF,2021
1055,SPARZ,Counterpart,2017
1055,SPARZ,The White Queen,2013
1055,SPARZ,Mary & George,2024
1056,CINEMIN,Avatar: The Way of Water,2022
1056,CINEMIN,Banshee,2013
1056,CINEMIN,Barbie,2023
1056,CINEMIN,Killers of the Flower Moon,2023
1056,CINEMIN,Poor Things,2023
1056,CINEMIN,The Batman,2022
1056,CINEMIN,Warrior,2019
1056,CINEMIN,Action Movies,Various
1056,CINEMIN,Strike Back,2010
1056,CINEMIN,The Knick,2014
1056,CINEMIN,Outcast,2016
1056,CINEMIN,Dune,2021
1056,CINEMIN,Gladiator II,2024
1056,CINEMIN,Conclave,2024
1056,CINEMIN,The Brutalist,2024
1056,CINEMIN,Challengers,2024
1056,CINEMIN,The Holdovers,2023
1056,CINEMIN,Twisters,2024
1056,CINEMIN,Furiosa: A Mad Max Saga,2024
1057,Feeform,7th Heaven,1996
1057,Feeform,Alone Together,2018
1057,Feeform,Baby Daddy,2012
1057,Feeform,Bunheads,2012
1057,Feeform,Chasing Life,2014
1057,Feeform,Cruel Summer,2021
1057,Feeform,Everything's Gonna Be Okay,2020
1057,Feeform,Good Trouble,2019
1057,Feeform,Greek,2007
1057,Feeform,Grown-ish,2018
1057,Feeform,Kyle XY,2006
1057,Feeform,Make It or Break It,2009
1057,Feeform,Marvel's Cloak & Dagger,2018
1057,Feeform,Melissa & Joey,2010
1057,Feeform,Motherland: Fort Salem,2020
1057,Feeform,Pretty Little Liars,2010
1057,Feeform,Shadowhunters,2016
1057,Feeform,Single Drunk Female,2022
1057,Feeform,Siren,2018
1057,Feeform,Stitchers,2015
1057,Feeform,Switched at Birth,2011
1057,Feeform,The Bold Type,2017
1057,Feeform,The Fosters,2013
1057,Feeform,The Lying Game,2011
1057,Feeform,The Secret Life of the American Teenager,2008
1057,Feeform,Truth & Iliza,2017
1057,Feeform,Young & Hungry,2014
1058,Lifetune,Army Wives,2007
1058,Lifetune,Bring It!,2014
1058,Lifetune,Cleveland Abduction,2015
1058,Lifetune,Dance Moms,2011
1058,Lifetune,Devious Maids,2013
1058,Lifetune,Drop Dead Diva,2009
1058,Lifetune,Flowers in the Attic,2014
1058,Lifetune,Fugitive at 17,2012
1058,Lifetune,Girl in the Basement,2021
1058,Lifetune,Lethal Seduction,2015
1058,Lifetune,Little Women: LA,2014
1058,Lifetune,Married at First Sight,2014
1058,Lifetune,Mommy's Little Girl,2016
1058,Lifetune,Petals on the Wind,2014
1058,Lifetune,Preachers' Daughters,2013
1058,Lifetune,Project Runway,2004
1058,Lifetune,Stolen by My Mother,2019
1058,Lifetune,Stolen by My Mother: The Kamiyah Mobley Story,2020
1058,Lifetune,Surviving R. Kelly,2019
1058,Lifetune,The Client List,2012
1058,Lifetune,The Unauthorized Saved by the Bell Story,2014
1058,Lifetune,The Wrong Teacher,2018
1058,Lifetune,UnREAL,2015
1058,Lifetune,Whitney,2015
1058,Lifetune,Witches of East End,2013
1058,Lifetune,You,2018
1059,Trip Channel,Anthony Bourdain: No Reservations,2005
1059,Trip Channel,Man v. Food,2008
1059,Trip Channel,Bizarre Foods with Andrew Zimmern,2006
1059,Trip Channel,Ghost Adventures,2008
1059,Trip Channel,The Dead Files,2011
1059,Trip Channel,Hotel Impossible,2012
1059,Trip Channel,Mysteries at the Museum,2010
1059,Trip Channel,Expedition Unknown,2015
1059,Trip Channel,Food Paradise,2007
1059,Trip Channel,Paranormal Lockdown,2016
1059,Trip Channel,Kindred Spirits,2016
1059,Trip Channel,America's Most Haunted,2013
1059,Trip Channel,Dakota Boys,2013
1059,Trip Channel,Destination Truth,2007
1059,Trip Channel,Legendary Locations,2017
1059,Trip Channel,Portals to Hell,2019
1059,Trip Channel,Trip Flip,2012
1059,Trip Channel,Bizarre Foods America,2012
1059,Trip Channel,Booze Traveler,2014
1059,Trip Channel,The Layover,2011
1059,Trip Channel,Josh Gates Tonight,2020
1060,Sea.N.N.,1968: The Year That Changed America,2018
1060,Sea.N.N.,American Dynasties: The Kennedys,2018
1060,Sea.N.N.,American Greed,2007
1060,Sea.N.N.,American Style,2019
1060,Sea.N.N.,Anthony Bourdain: Parts Unknown,2013
1060,Sea.N.N.,Apollo 11,2019
1060,Sea.N.N.,Believer with Reza Aslan,2017
1060,Sea.N.N.,Blackfish,2013
1060,Sea.N.N.,Christiane Amanpour: Sex & Love Around the World,2018
1060,Sea.N.N.,Citizen Ashe,2021
1060,Sea.N.N.,CNN Heroes,2007
1060,Sea.N.N.,Crimes of the Century,2013
1060,Sea.N.N.,Declassified: Untold Stories of American Spies,2016
1060,Sea.N.N.,Diana,2021
1060,Sea.N.N.,Dreamland: The Burning of Black Wall Street,2021
1060,Sea.N.N.,Eva Longoria: Searching for Mexico,2023
1060,Sea.N.N.,Finding Jesus: Faith. Fact. Forgery,2015
1060,Sea.N.N.,First Ladies,2020
1060,Sea.N.N.,Giuliani: What Happened to America's Mayor?,2023
1060,Sea.N.N.,Great Big Story,2015
1060,Sea.N.N.,High Profits,2015
1060,Sea.N.N.,History of the Sitcom,2021
1060,Sea.N.N.,How It Really Happened,2017
1060,Sea.N.N.,Jerusalem: City of Faith and Fury,2021
1060,Sea.N.N.,King Charles,2023
1060,Sea.N.N.,Kobe: The Making of a Legend,2025
1060,Sea.N.N.,LBJ: Triumph and Tragedy,2022
1060,Sea.N.N.,LFG,2021
1060,Sea.N.N.,Life Itself,2014
1060,Sea.N.N.,Lincoln: Divided We Stand,2021
1060,Sea.N.N.,Linda Ronstadt: The Sound of My Voice,2019
1060,Sea.N.N.,Little Richard: I Am Everything,2023
1060,Sea.N.N.,"Love, Gilda",2018
1060,Sea.N.N.,Navalny,2022
1060,Sea.N.N.,Nomad with Carlton McCoy,2022
1060,Sea.N.N.,Patagonia: Life on the Edge of the World,2022
1060,Sea.N.N.,Pope: The Most Powerful Man in History,2018
1060,Sea.N.N.,Race for the White House,2016
1060,Sea.N.N.,RBG,2018
1060,Sea.N.N.,Reframed: Marilyn Monroe,2022
1060,Sea.N.N.,See It Loud: The History of Black Television,2023
1060,Sea.N.N.,Somebody's Gotta Do It,2014
1060,Sea.N.N.,Soundtracks: Songs That Defined History,2017
1060,Sea.N.N.,Stanley Tucci: Searching for Italy,2021
1060,Sea.N.N.,State of the Union with Jake Tapper and Dana Bash,2009
1060,Sea.N.N.,State of the Union With Jake Tapper and Dana Bash,2021
1060,Sea.N.N.,The 2000s,2018
1060,Sea.N.N.,The 2010s,2023
1060,Sea.N.N.,"The Bush Years: Family, Duty, Power",2019
1060,Sea.N.N.,The Eighties,2016
1060,Sea.N.N.,The History of Comedy,2017
1060,Sea.N.N.,The Hunt with John Walsh,2014
1060,Sea.N.N.,The Many Lives of Martha Stewart,2024
1060,Sea.N.N.,The Movies,2019
1060,Sea.N.N.,The Nineties,2017
1060,Sea.N.N.,The People v. The Klan,2021
1060,Sea.N.N.,The Radical Story of Patty Hearst,2018
1060,Sea.N.N.,The Redemption Project with Van Jones,2019
1060,Sea.N.N.,The Seventies,2015
1060,Sea.N.N.,The Sixties,2014
1060,Sea.N.N.,The Story of Late Night,2021
1060,Sea.N.N.,The Whole Story with Anderson Cooper,2023
1060,Sea.N.N.,The Windsors: Inside the Royal Dynasty,2020
1060,Sea.N.N.,The Wonder List with Bill Weir,2015
1060,Sea.N.N.,This Is Life with Lisa Ling,2014
1060,Sea.N.N.,Three Identical Strangers,2018
1060,Sea.N.N.,Tis the Season: The Holidays on Screen,2022
1060,Sea.N.N.,Tricky Dick,2019
1060,Sea.N.N.,TV On the Edge: Moments That Shaped Our Culture,2024
1060,Sea.N.N.,United Shades of America,2016
1060,Sea.N.N.,United States of Scandal,2024
1060,Sea.N.N.,Vegas: The Story of Sin City,2024
1060,Sea.N.N.,Violent Earth,2024
1060,Sea.N.N.,Watergate: Blueprint for a Scandal,2022
1061,YESPN,30 for 30,2009
1061,YESPN,Basketball: A Love Story,2018
1061,YESPN,Black Magic,2008
1061,YESPN,Celtics/Lakers: Best of Enemies,2017
1061,YESPN,Clutch: The NBA Playoffs,2024
1061,YESPN,Coach With Bill Belichick,2024
1061,YESPN,Detail,2018
1061,YESPN,Dream On,2022
1061,YESPN,E:60,2007
1061,YESPN,Eli's Places,2021
1061,YESPN,Galácticos,2021
1061,YESPN,GOATs: The Greatest of All Time,2021
1061,YESPN,In the Arena: Serena Williams,2024
1061,YESPN,Knight School,2006
1061,YESPN,Lance,2020
1061,YESPN,Man in the Arena: Tom Brady,2021
1061,YESPN,Nine for IX,2013
1061,YESPN,Once Upon a Time in Queens,2021
1061,YESPN,Peyton's Places,2019
1061,YESPN,Playmakers,2003
1061,YESPN,Running with the Wolves,2025
1061,YESPN,The American Gladiators Documentary,2023
1061,YESPN,The Bronx Is Burning,2007
1061,YESPN,The Captain,2022
1061,YESPN,The Contender,2005
1061,YESPN,The Kingdom,2025
1061,YESPN,The Last Dance,2020
1061,YESPN,The Life and Trials of Oscar Pistorius,2020
1061,YESPN,The Luckiest Guy in the World,2023
1061,YESPN,They Call It Late Night with Jason Kelce,2025
1061,YESPN,Tilt,2005
1062,C.B.Sea,Workin' Moms,2017
1062,C.B.Sea,Schitt's Creek,2015
1062,C.B.Sea,Kim's Convenience,2016
1062,C.B.Sea,The Kids in the Hall,1988
1062,C.B.Sea,Corner Gas,2004
1062,C.B.Sea,SCTV,1976
1062,C.B.Sea,Second City Television,1976
1062,C.B.Sea,Baroness von Sketch Show,2016
1062,C.B.Sea,Letterkenny,2016
1062,C.B.Sea,Shoresy,2022
1062,C.B.Sea,TallBoyz,2019
1062,C.B.Sea,Run the Burbs,2022
1062,C.B.Sea,Degrassi Junior High,1987
1062,C.B.Sea,Murdoch Mysteries,2008
1062,C.B.Sea,Sort Of,2021
1062,C.B.Sea,North of North,2024
1062,C.B.Sea,Heartland,2007
1062,C.B.Sea,Anne with an E,2017
1062,C.B.Sea,Road to Avonlea,1990
1062,C.B.Sea,Republic of Doyle,2010
1062,C.B.Sea,This Is Wonderland,2004
1062,C.B.Sea,The Great Canadian Baking Show,2017
1062,C.B.Sea,Mr. D,2012
1062,C.B.Sea,Degrassi High,1989
1062,C.B.Sea,Orphan Black,2013
1062,C.B.Sea,19-2,2014
1062,C.B.Sea,Wynonna Earp,2016
1063,Dizzy+,A Thousand Blows,2025
1063,Dizzy+,Agatha All Along,2024
1063,Dizzy+,Ahsoka,2023
1063,Dizzy+,Andor,2022
1063,Dizzy+,Baymax!,2022
1063,Dizzy+,Big Shot,2021
1063,Dizzy+,Bluey,2018
1063,Dizzy+,Cars on the Road,2022
1063,Dizzy+,Chip 'n Dale: Park Life,2021
1063,Dizzy+,Daredevil: Born Again,2025
1063,Dizzy+,Devil In The Family: The Fall of Ruby Franke,2025
1063,Dizzy+,Dug Days,2021
1063,Dizzy+,Echo,2024
1063,Dizzy+,Elemental,2023
1063,Dizzy+,Encanto,2021
1063,Dizzy+,Extraordinary,2023
1063,Dizzy+,Eyes of Wakanda,2025
1063,Dizzy+,Goosebumps (2023),2023
1063,Dizzy+,Guardians of the Galaxy Vol. 3,2023
1063,Dizzy+,Hawkeye,2021
1063,Dizzy+,High School Musical: The Musical: The Series,2019
1063,Dizzy+,I Am Groot,2022
1063,Dizzy+,Inside Out 2,2024
1063,Dizzy+,Ironheart,2025
1063,Dizzy+,Loki,2021
1063,Dizzy+,Luca,2021
1063,Dizzy+,Marvel Studios: Assembled,2021
1063,Dizzy+,Marvel Zombies,2025
1063,Dizzy+,Marvel's Daredevil,2015
1063,Dizzy+,Moana 2,2024
1063,Dizzy+,Monsters at Work,2021
1063,Dizzy+,Moon Knight,2022
1063,Dizzy+,Ms. Marvel,2022
1063,Dizzy+,Mysterious Benedict Society,2021
1063,Dizzy+,National Treasure: Edge of History,2022
1063,Dizzy+,Obi-Wan Kenobi,2022
1063,Dizzy+,Olaf Presents,2021
1063,Dizzy+,Percy Jackson and the Olympians,2023
1063,Dizzy+,Raya and the Last Dragon,2021
1063,Dizzy+,Secret Invasion,2023
1063,Dizzy+,She-Hulk: Attorney at Law,2022
1063,Dizzy+,Soul,2020
1063,Dizzy+,Star Wars Galaxy of Sounds,2021
1063,Dizzy+,Star Wars: Skeleton Crew,2024
1063,Dizzy+,Star Wars: Tales of the Jedi,2022
1063,Dizzy+,Star Wars: Tales of the Underworld,2025
1063,Dizzy+,Star Wars: The Bad Batch,2021
1063,Dizzy+,Star Wars: Visions,2021
1063,Dizzy+,Taylor Swift: The End of an Era,2025
1063,Dizzy+,The End of an Era,2025
1063,Dizzy+,The Acolyte,2024
1063,Dizzy+,The Beatles: Get Back,2021
1063,Dizzy+,The Book of Boba Fett,2021
1063,Dizzy+,The Falcon and the Winter Soldier,2021
1063,Dizzy+,The Fantastic Four: First Steps,2025
1063,Dizzy+,The Mandalorian,2019
1063,Dizzy+,The Manipulated,2025
1063,Dizzy+,The Mighty Ducks: Game Changers,2021
1063,Dizzy+,The Mysterious Benedict Society,2021
1063,Dizzy+,The Proud Family: Louder and Prouder,2022
1063,Dizzy+,The Right Stuff,2020
1063,Dizzy+,The Santa Clauses,2022
1063,Dizzy+,The Stolen Girl,2025
1063,Dizzy+,Thunderbolts*,2025
1063,Dizzy+,Turner & Hooch,2021
1063,Dizzy+,Turning Red,2022
1063,Dizzy+,WandaVision,2021
1063,Dizzy+,What If...?,2021
1063,Dizzy+,What If…?,2021
1063,Dizzy+,Willow,2022
1063,Dizzy+,Win or Lose,2025
1063,Dizzy+,Wonder Man,2026
1063,Dizzy+,X-Men '97,2024
1063,Dizzy+,Your Friendly Neighborhood Spider-Man,2025
1063,Dizzy+,Zootopia+,2022
1064,Netflicks,13 Reasons Why,2017
1064,Netflicks,1899,2022
1064,Netflicks,3 Body Problem,2024
1064,Netflicks,A Man on the Inside,2024
1064,Netflicks,A Series of Unfortunate Events,2017
1064,Netflicks,Aaron Rodgers: Enigma,2024
1064,Netflicks,Abstract: The Art of Design,2017
1064,Netflicks,Adolescence,2025
1064,Netflicks,After Life,2019
1064,Netflicks,Agatha Christie's Seven Dials,2026
1064,Netflicks,Alice in Borderland,2020
1064,Netflicks,All Quiet on the Western Front,2022
1064,Netflicks,All the Light We Cannot See,2023
1064,Netflicks,Altered Carbon,2018
1064,Netflicks,America's Team: The Gambler and His Cowboys,2025
1064,Netflicks,American Horror Story,2011
1064,Netflicks,American Manhunt: The Boston Marathon Bombing,2023
1064,Netflicks,American Murder: Gabby Petito,2025
1064,Netflicks,American Primeval,2025
1064,Netflicks,Amsterdam Empire,2025
1064,Netflicks,Anatomy of a Scandal,2022
1064,Netflicks,Anne with an E,2017
1064,Netflicks,Apple Cider Vinegar,2025
1064,Netflicks,Arcane,2021
1064,Netflicks,Archive 81,2022
1064,Netflicks,As You Stood By,2025
1064,Netflicks,Ask the StoryBots,2016
1064,Netflicks,Atypical,2017
1064,Netflicks,Aunty Donna's Big Ol' House of Fun,2020
1064,Netflicks,Avatar: The Last Airbender (Live Action),2024
1064,Netflicks,Avatar: The Last Airbender,2024
1064,Netflicks,BEEF,2023
1064,Netflicks,Baby Reindeer,2024
1064,Netflicks,Back to the Outback,2021
1064,Netflicks,Bad Sport,2021
1064,Netflicks,Bad Thoughts,2025
1064,Netflicks,Bad Vegan: Fame. Fraud. Fugitives.,2022
1064,Netflicks,Basketball or Nothing,2019
1064,Netflicks,Bates Motel,2013
1064,Netflicks,Beat Bugs,2016
1064,Netflicks,Beauty in Black,2024
1064,Netflicks,Beckham,2023
1064,Netflicks,Behind Her Eyes,2021
1064,Netflicks,Bet,2025
1064,Netflicks,Better Call Saul (International),2015
1064,Netflicks,Better Call Saul,2015
1064,Netflicks,Big Mouth,2017
1064,Netflicks,Bill Russell: Legend,2023
1064,Netflicks,Black Doves,2024
1064,Netflicks,Black Mirror,2011
1064,Netflicks,Black Rabbit,2025
1064,Netflicks,Black Summer,2019
1064,Netflicks,Bloodline,2015
1064,Netflicks,Blue Eye Samurai,2023
1064,Netflicks,BoJack Horseman,2014
1064,Netflicks,"Boo, Bitch",2022
1064,Netflicks,Boots,2025
1064,Netflicks,Boy Swallows Universe,2024
1064,Netflicks,Bridgerton,2020
1064,Netflicks,Bullet Train Explosion,2025
1064,Netflicks,Can This Love Be Translated?,2026
1064,Netflicks,Car Masters: Rust to Riches,2018
1064,Netflicks,Cashero,2025
1064,Netflicks,Castlevania,2017
1064,Netflicks,Castlevania: Nocturne,2023
1064,Netflicks,Chef's Table,2015
1064,Netflicks,City of Shadows,2025
1064,Netflicks,Cobra Kai,2018
1064,Netflicks,Colin in Black and White,2021
1064,Netflicks,Comedians in Cars Getting Coffee,2012
1064,Netflicks,Conversations with a Killer: The Ted Bundy Tapes,2019
1064,Netflicks,Conversations with a Killer: The John Wayne Gacy Tapes,2022
1064,Netflicks,Cyberpunk: Edgerunners,2022
1064,Netflicks,Dancing for the Devil: The 7M TikTok Cult,2024
1064,Netflicks,Dark,2017
1064,Netflicks,Dave Chappelle: The Bird Revelation,2017
1064,Netflicks,Dead to Me,2019
1064,Netflicks,Death by Lightning,2025
1064,Netflicks,Delhi Crime,2019
1064,Netflicks,Demon City,2025
1064,Netflicks,Dept. Q,2025
1064,Netflicks,Devil in Ohio,2022
1064,Netflicks,Disenchantment,2018
1064,Netflicks,Don't F**k with Cats: Hunting an Internet Killer,2019
1064,Netflicks,Don't Look Up,2021
1064,Netflicks,Down to Earth with Zac Efron,2020
1064,Netflicks,Emily in Paris,2020
1064,Netflicks,Explained,2018
1064,Netflicks,Exploding Kittens,2024
1064,Netflicks,Extraction,2020
1064,Netflicks,F is for Family,2015
1064,Netflicks,FIFA Uncovered,2022
1064,Netflicks,FUBAR,2023
1064,Netflicks,Farzar,2022
1064,Netflicks,Finding Her Edge,2026
1064,Netflicks,Firefly Lane,2021
1064,Netflicks,Flaked,2016
1064,Netflicks,Flint Town,2018
1064,Netflicks,Floor Is Lava,2020
1064,Netflicks,Fool Me Once,2024
1064,Netflicks,Formula 1: Drive to Survive,2019
1064,Netflicks,Free Bert,2026
1064,Netflicks,Friends from College,2017
1064,Netflicks,Full Speed,2024
1064,Netflicks,GLOW,2017
1064,Netflicks,Gabby's Dollhouse,2021
1064,Netflicks,"Genie, Make a Wish",2025
1064,Netflicks,Ginny & Georgia,2021
1064,Netflicks,Girls5eva,2021
1064,Netflicks,Glass Onion: A Knives Out Mystery,2022
1064,Netflicks,Godless,2017
1064,Netflicks,Grace and Frankie,2015
1064,Netflicks,Griselda,2024
1064,Netflicks,Guillermo del Toro's Cabinet of Curiosities,2022
1064,Netflicks,Halston,2021
1064,Netflicks,Hannibal,2013
1064,Netflicks,Harry & Meghan,2022
1064,Netflicks,Haunted Hotel,2025
1064,Netflicks,Heartstopper,2022
1064,Netflicks,Heweliusz,2025
1064,Netflicks,Hilda,2018
1064,Netflicks,History of Swear Words,2021
1064,Netflicks,Home for Christmas,2019
1064,Netflicks,Hoops,2020
1064,Netflicks,House of Cards,2013
1064,Netflicks,House of Cards (US),2013
1064,Netflicks,House of Guinness,2025
1064,Netflicks,How to Fix a Drug Scandal,2020
1064,Netflicks,I Am a Killer,2018
1064,Netflicks,I Think You Should Leave with Tim Robinson,2019
1064,Netflicks,In From the Cold,2022
1064,Netflicks,Inside Bill's Brain: Decoding Bill Gates,2019
1064,Netflicks,Inside Job,2021
1064,Netflicks,Into the Fire: The Lost Daughter,2024
1064,Netflicks,Inventing Anna,2022
1064,Netflicks,Is It Cake?,2022
1064,Netflicks,Joe Rogan: Live,2006
1064,Netflicks,Jurassic World: Camp Cretaceous,2020
1064,Netflicks,KAOS,2024
1064,Netflicks,KPop Demon Hunters,2025
1064,Netflicks,Kathleen Madigan: Bothering Jesus,2016
1064,Netflicks,Katrina: Come Hell and High Water,2025
1064,Netflicks,Keep Sweet: Pray and Obey,2022
1064,Netflicks,Killer Inside: The Mind of Aaron Hernandez,2020
1064,Netflicks,Kipo and the Age of Wonderbeasts,2020
1064,Netflicks,Land of Sin,2026
1064,Netflicks,Last Chance U,2016
1064,Netflicks,Last Samurai Standing,2025
1064,Netflicks,Leanne,2025
1064,Netflicks,Lenox Hill,2020
1064,Netflicks,Life on Our Planet,2023
1064,Netflicks,Live to 100: Secrets of the Blue Zones,2023
1064,Netflicks,Llama Llama,2018
1064,Netflicks,Long Story Short,2025
1064,Netflicks,Losers,2019
1064,Netflicks,"Love, Death & Robots",2019
1064,Netflicks,Lucifer,2016
1064,Netflicks,Lupin,2021
1064,Netflicks,MH370: The Plane That Disappeared,2023
1064,Netflicks,Magic for Humans,2018
1064,Netflicks,Maid,2021
1064,Netflicks,Making a Murderer,2015
1064,Netflicks,Man vs. Baby,2025
1064,Netflicks,Man vs. Bee,2022
1064,Netflicks,Maniac,2018
1064,Netflicks,Manifest,2018
1064,Netflicks,Mank,2020
1064,Netflicks,Marc Maron: Too Real,2017
1064,Netflicks,Marriage Story,2019
1064,Netflicks,Marvel's Daredevil,2015
1064,Netflicks,Marvel's Iron Fist,2017
1064,Netflicks,Marvel's Jessica Jones,2015
1064,Netflicks,Marvel's Luke Cage,2016
1064,Netflicks,Marvel's The Defenders,2017
1064,Netflicks,Marvel's The Punisher,2017
1064,Netflicks,Master of None,2015
1064,Netflicks,Masters of the Universe: Revelation,2021
1064,Netflicks,McGregor Forever,2023
1064,Netflicks,Midnight Mass,2021
1064,Netflicks,Mindhunter,2017
1064,Netflicks,Missing: Dead or Alive?,2023
1064,Netflicks,Money Heist,2017
1064,Netflicks,"Money, Explained",2021
1064,Netflicks,Monster,2022
1064,Netflicks,Monsters Inside: The 24 Faces of Billy Milligan,2021
1064,Netflicks,Mr. McMahon,2024
1064,Netflicks,Mrs Playmen,2025
1064,Netflicks,My Life with the Walter Boys,2023
1064,Netflicks,Naomi Osaka,2021
1064,Netflicks,Narcos,2015
1064,Netflicks,Narcos: Mexico,2018
1064,Netflicks,Night Stalker: The Hunt for a Serial Killer,2021
1064,Netflicks,No Good Deed,2024
1064,Netflicks,No One Saw Us Leave,2025
1064,Netflicks,Nobody Wants This,2024
1064,Netflicks,Northern Rescue,2019
1064,Netflicks,Néro the Assassin,2025
1064,Netflicks,Obliterated,2023
1064,Netflicks,One Piece (Live Action),2023
1064,Netflicks,ONE PIECE,2023
1064,Netflicks,Orange Is the New Black,2013
1064,Netflicks,Our Great National Parks,2022
1064,Netflicks,Outer Banks,2020
1064,Netflicks,Ozark,2017
1064,Netflicks,Painkiller,2023
1064,Netflicks,Peaky Blinders (US Dist),2013
1064,Netflicks,Peaky Blinders,2013
1064,Netflicks,"Pepsi, Where's My Jet?",2022
1064,Netflicks,Pieces of Her,2022
1064,Netflicks,Quarterback,2023
1064,Netflicks,Queen Cleopatra,2023
1064,Netflicks,Race: Bubba Wallace,2022
1064,Netflicks,Raising Dion,2019
1064,Netflicks,Ransom Canyon,2025
1064,Netflicks,Ratched,2020
1064,Netflicks,Receiver,2024
1064,Netflicks,Red Notice,2021
1064,Netflicks,Resident Evil,2022
1064,Netflicks,Ripley,2024
1064,Netflicks,Ripple,2025
1064,Netflicks,Rise of Empires: Ottoman,2020
1064,Netflicks,Roma,2018
1064,Netflicks,Roman Empire,2016
1064,Netflicks,Rory Scovel Tries Stand-Up for the First Time,2017
1064,Netflicks,Rotten,2018
1064,Netflicks,Run Away,2026
1064,Netflicks,Running Point,2025
1064,Netflicks,Russian Doll,2019
1064,Netflicks,SPRINT,2024
1064,Netflicks,Salvador,2026
1064,Netflicks,Santa Clarita Diet,2017
1064,Netflicks,Sean Combs: The Reckoning,2025
1064,Netflicks,Sense8,2015
1064,Netflicks,Sex Education,2019
1064,Netflicks,Sex/Life,2021
1064,Netflicks,Shadow and Bone,2021
1064,Netflicks,Sins of Our Mother,2022
1064,Netflicks,Skylanders Academy,2016
1064,Netflicks,Space Force,2020
1064,Netflicks,Splinter Cell: Deathwatch,2025
1064,Netflicks,Spycraft,2021
1064,Netflicks,Squid Game,2021
1064,Netflicks,Starting 5,2024
1064,Netflicks,Stranger Things,2016
1064,Netflicks,Supacell,2024
1064,Netflicks,Supersex,2024
1064,Netflicks,Surviving Black Hawk Down,2025
1064,Netflicks,Surviving Summer,2022
1064,Netflicks,Sweet Magnolias,2020
1064,Netflicks,Sweet Tooth,2021
1064,Netflicks,Takopi's Original Sin,2025
1064,Netflicks,Taskaree: The Smuggler's Web,2026
1064,Netflicks,Terminator Zero,2024
1064,Netflicks,Testament: The Story of Moses,2024
1064,Netflicks,That '70s Show,1998
1064,Netflicks,The Abandons,2025
1064,Netflicks,The Asset,2025
1064,Netflicks,The Beast in Me,2025
1064,Netflicks,The Brothers Sun,2024
1064,Netflicks,The Circle (US),2020
1064,Netflicks,The Circle,2020
1064,Netflicks,The Confession Tapes,2017
1064,Netflicks,The Crown,2016
1064,Netflicks,The Crystal Cuckoo,2025
1064,Netflicks,The Cuphead Show!,2022
1064,Netflicks,The Dark Crystal: Age of Resistance,2019
1064,Netflicks,The Decameron,2024
1064,Netflicks,The Diplomat,2023
1064,Netflicks,The Dragon Prince,2018
1064,Netflicks,The English Game,2020
1064,Netflicks,The Epic Tales of Captain Underpants,2018
1064,Netflicks,The Fall of the House of Usher,2023
1064,Netflicks,The Gentlemen,2024
1064,Netflicks,The Haunting,2018
1064,Netflicks,The Haunting of Bly Manor,2020
1064,Netflicks,The Haunting of Hill House,2018
1064,Netflicks,The Hunting Wives,2025
1064,Netflicks,The Iliza Shlesinger Sketch Show,2020
1064,Netflicks,The Irishman,2019
1064,Netflicks,The Killer,2023
1064,Netflicks,The Last Kingdom,2015
1064,Netflicks,The Lincoln Lawyer,2022
1064,Netflicks,The Madness,2024
1064,Netflicks,The Magic School Bus Rides Again,2017
1064,Netflicks,The Midnight Club,2022
1064,Netflicks,"The Mind, Explained",2019
1064,Netflicks,The Mitchells vs. the Machines,2021
1064,Netflicks,The Monster of Florence,2025
1064,Netflicks,The Most Hated Man on the Internet,2022
1064,Netflicks,The Mother Lode,2025
1064,Netflicks,Rosebud Baker: The Mother Lode,2025
1064,Netflicks,The Movies That Made Us,2019
1064,Netflicks,The New Force,2025
1064,Netflicks,The Night Agent,2023
1064,Netflicks,The OA,2016
1064,Netflicks,The Order,2019
1064,Netflicks,The Pentaverate,2022
1064,Netflicks,The Perfect Couple,2024
1064,Netflicks,The Pharmacist,2020
1064,Netflicks,The Playbook,2020
1064,Netflicks,The Politician,2019
1064,Netflicks,The Power of the Dog,2021
1064,Netflicks,The Price of Confession,2025
1064,Netflicks,The Puppet Master: Hunting the Ultimate Conman,2022
1064,Netflicks,The Queen's Gambit,2020
1064,Netflicks,The Ranch,2016
1064,Netflicks,The Residence,2025
1064,Netflicks,The Ripper,2020
1064,Netflicks,The Sandman,2022
1064,Netflicks,The Sea Beast,2022
1064,Netflicks,The Stranger (2020),2020
1064,Netflicks,The Toys That Made Us,2017
1064,Netflicks,The Umbrella Academy,2019
1064,Netflicks,The Witcher,2019
1064,Netflicks,The Witcher: Blood Origin,2022
1064,Netflicks,The Woman in the House Across the Street from the Girl in the Window,2022
1064,Netflicks,The World's Most Amazing Vacation Rentals,2021
1064,Netflicks,Tiger King,2020
1064,Netflicks,Tires,2024
1064,Netflicks,Tomb Raider: The Legend of Lara Croft,2024
1064,Netflicks,Too Much,2025
1064,Netflicks,Toxic Town,2025
1064,Netflicks,Trailer Park Boys,2001
1064,Netflicks,True: Magical Friends,2018
1064,Netflicks,True: Terrific Tales,2020
1064,Netflicks,True: Wonderful Wishes,2018
1064,Netflicks,Turning Point: 9/11 and the War on Terror,2021
1064,Netflicks,Turning Point: The Bomb and the Cold War,2024
1064,Netflicks,Turning Point: The Vietnam War,2025
1064,Netflicks,Tyler Perry's Joe's College Road Trip,2026
1064,Netflicks,Joe's College Road Trip,2026
1064,Netflicks,Unbelievable,2019
1064,Netflicks,Unbreakable Kimmy Schmidt,2015
1064,Netflicks,Under Pressure: The U.S. Women's World Cup Team,2023
1064,Netflicks,Unfamiliar,2026
1064,Netflicks,Unicorn Academy,2023
1064,Netflicks,Unlocked: A Jail Experiment,2024
1064,Netflicks,Unstable,2023
1064,Netflicks,Vikings: Valhalla,2022
1064,Netflicks,Virgin River,2019
1064,Netflicks,W/ Bob & David,2015
1064,Netflicks,WWE: Unreal,2025
1064,Netflicks,Waco: American Apocalypse,2023
1064,Netflicks,"Web of Make Believe: Death, Lies and the Internet",2022
1064,Netflicks,Wednesday,2022
1064,Netflicks,Wet Hot American Summer,2015
1064,Netflicks,Wet Hot American Summer: First Day of Camp,2015
1064,Netflicks,When They See Us,2019
1064,Netflicks,Who Killed Jill Dando?,2023
1064,Netflicks,Who is Erin Carter?,2023
1064,Netflicks,Wild Wild Country,2018
1064,Netflicks,Win the Wilderness: Alaska,2020
1064,Netflicks,"With Love, Meghan",2025
1064,Netflicks,World War II: From the Frontlines,2023
1064,Netflicks,Worst Roommate Ever,2022
1064,Netflicks,Wrestlers,2023
1064,Netflicks,"XO, Kitty",2023
1064,Netflicks,You,2018
1064,Netflicks,You Are What You Eat: A Twin Experiment,2024
1064,Netflicks,You vs. Wild,2019
1064,Netflicks,Yu Yu Hakusho,2023
1064,Netflicks,Zero Day,2025
1064,Netflicks,aka Charlie Sheen,2025
1065,Pear TV+,Acapulco,2021
1065,Pear TV+,Argylle,2024
1065,Pear TV+,Bad Monkey,2024
1065,Pear TV+,Bad Sisters,2022
1065,Pear TV+,Black Bird,2022
1065,Pear TV+,Blitz,2024
1065,Pear TV+,CODA,2021
1065,Pear TV+,Carpool Karaoke: The Series,2017
1065,Pear TV+,Central Park,2020
1065,Pear TV+,Cha Cha Real Smooth,2022
1065,Pear TV+,Chief of War,2025
1065,Pear TV+,Constellation,2024
1065,Pear TV+,Cowboy Cartel,2024
1065,Pear TV+,Criminal Record,2024
1065,Pear TV+,Dark Matter,2024
1065,Pear TV+,Defending Jacob,2020
1065,Pear TV+,Dickinson,2019
1065,Pear TV+,Disclaimer,2024
1065,Pear TV+,Dope Thief,2025
1065,Pear TV+,Down Cemetery Road,2025
1065,Pear TV+,Earth at Night in Color,2020
1065,Pear TV+,Echo 3,2022
1065,Pear TV+,Echo Valley,2025
1065,Pear TV+,El Deafo,2022
1065,Pear TV+,Emancipation,2022
1065,Pear TV+,Extrapolations,2023
1065,Pear TV+,F1: The Movie,2025
1065,Pear TV+,F1,2025
1065,Pear TV+,Finch,2021
1065,Pear TV+,Five Days at Memorial,2022
1065,Pear TV+,Flora and Son,2023
1065,Pear TV+,Fly Me to the Moon,2024
1065,Pear TV+,For All Mankind,2019
1065,Pear TV+,Foundation,2021
1065,Pear TV+,Fraggle Rock: Back to the Rock,2022
1065,Pear TV+,Franklin,2024
1065,Pear TV+,Greyhound,2020
1065,Pear TV+,Hijack,2023
1065,Pear TV+,Home Before Dark,2020
1065,Pear TV+,Invasion,2021
1065,Pear TV+,Killers of the Flower Moon,2023
1065,Pear TV+,Lady in the Lake,2024
1065,Pear TV+,Lessons in Chemistry,2023
1065,Pear TV+,Loot,2022
1065,Pear TV+,Manhunt,2024
1065,Pear TV+,Masters of the Air,2024
1065,Pear TV+,Monarch: Legacy of Monsters,2023
1065,Pear TV+,Murderbot,2025
1065,Pear TV+,Mythic Quest,2020
1065,Pear TV+,Napoleon,2023
1065,Pear TV+,PLUR1BUS,2025
1065,Pear TV+,Pluribus,2025
1065,Pear TV+,Pachinko,2022
1065,Pear TV+,Palm Royale,2024
1065,Pear TV+,Physical,2021
1065,Pear TV+,Platonic,2023
1065,Pear TV+,Prehistoric Planet,2022
1065,Pear TV+,Presumed Innocent,2024
1065,Pear TV+,Prime Target,2025
1065,Pear TV+,Schmigadoon!,2021
1065,Pear TV+,See,2019
1065,Pear TV+,Servant,2019
1065,Pear TV+,Severance,2022
1065,Pear TV+,Shining Girls,2022
1065,Pear TV+,Shrinking,2023
1065,Pear TV+,Silo,2023
1065,Pear TV+,Slow Horses,2022
1065,Pear TV+,Spirited,2022
1065,Pear TV+,Stick,2025
1065,Pear TV+,Sugar,2024
1065,Pear TV+,Ted Lasso,2020
1065,Pear TV+,Tehran,2020
1065,Pear TV+,Tetris,2023
1065,Pear TV+,The Afterparty,2022
1065,Pear TV+,The Beanie Bubble,2023
1065,Pear TV+,The Big Door Prize,2023
1065,Pear TV+,The Changeling,2023
1065,Pear TV+,The Completely Made-Up Adventures of Dick Turpin,2024
1065,Pear TV+,The Dynasty: New England Patriots,2024
1065,Pear TV+,The Essex Serpent,2022
1065,Pear TV+,The Family Plan,2023
1065,Pear TV+,The Gorge,2025
1065,Pear TV+,The Instigators,2024
1065,Pear TV+,The Last Days of Ptolemy Grey,2022
1065,Pear TV+,The Last Thing He Told Me,2023
1065,Pear TV+,The Lost Bus,2025
1065,Pear TV+,The Morning Show,2019
1065,Pear TV+,The Mosquito Coast,2021
1065,Pear TV+,The New Look,2024
1065,Pear TV+,The Problem with Jon Stewart,2021
1065,Pear TV+,The Shrink Next Door,2021
1065,Pear TV+,The Studio,2025
1065,Pear TV+,Time Bandits,2024
1065,Pear TV+,Truth Be Told,2019
1065,Pear TV+,Trying,2020
1065,Pear TV+,WeCrashed,2022
1065,Pear TV+,Wolfs,2024
1065,Pear TV+,Women in Blue,2024
1065,Pear TV+,Your Friends & Neighbors,2025
1066,Hula,11.22.63,2016
1066,Hula,A Murder at the End of the World,2023
1066,Hula,Abbott Elementary,2021
1066,Hula,American Horror Stories,2021
1066,Hula,Animaniacs,2020
1066,Hula,Animaniacs (2020),2020
1066,Hula,At Witt's End: The Hunt for a Killer,2024
1066,Hula,Black Cake,2023
1066,Hula,Boston Strangler,2023
1066,Hula,Candy,2022
1066,Hula,Castle Rock,2018
1066,Hula,Casual,2015
1066,Hula,Chad Powers,2025
1066,Hula,Conversations with Friends,2022
1066,Hula,Death and Other Details,2024
1066,Hula,Deli Boys,2025
1066,Hula,Devs,2020
1066,Hula,Dollface,2019
1066,Hula,Dopesick,2021
1066,Hula,Dying for Sex,2025
1066,Hula,Fleishman Is in Trouble,2022
1066,Hula,Futurama (New Seasons),2023
1066,Hula,Futurama,1999
1066,Hula,Future Man,2017
1066,Hula,Good American Family,2025
1066,Hula,High Fidelity,2020
1066,Hula,"History of the World, Part II",2023
1066,Hula,How I Met Your Father,2022
1066,Hula,Interior Chinatown,2024
1066,Hula,It's Always Sunny in Philadelphia,2005
1066,Hula,King of the Hill (Revival),2024
1066,Hula,Koala Man,2023
1066,Hula,Letterkenny,2016
1066,Hula,Life & Beth,2022
1066,Hula,Little Fires Everywhere,2020
1066,Hula,"Love, Victor",2020
1066,Hula,Marvel's Hit-Monkey,2021
1066,Hula,Marvel's M.O.D.O.K.,2021
1066,Hula,Marvel's Runaways,2017
1066,Hula,Mid-Century Modern,2025
1066,Hula,Mrs. America,2020
1066,Hula,Murdaugh: Death In The Family,2025
1066,Hula,Nine Perfect Strangers,2021
1066,Hula,No One Will Save You,2023
1066,Hula,Normal People,2020
1066,Hula,Only Murders in the Building,2021
1066,Hula,Palm Springs,2020
1066,Hula,Pam & Tommy,2022
1066,Hula,Pam and Tommy,2022
1066,Hula,Paradise,2025
1066,Hula,Pen15,2019
1066,Hula,Pistol,2022
1066,Hula,Prey,2022
1066,Hula,Ramy,2019
1066,Hula,Reservation Dogs,2021
1066,Hula,Rivals,2024
1066,Hula,Say Nothing,2024
1066,Hula,Shogun,2024
1066,Hula,Shoresy,2022
1066,Hula,Shrill,2019
1066,Hula,Solar Opposites,2020
1066,Hula,Stolen Youth: Inside the Cult at Sarah Lawrence,2023
1066,Hula,Tell Me Lies,2022
1066,Hula,The Act,2019
1066,Hula,The Bear,2022
1066,Hula,The Dropout,2022
1066,Hula,The Fox Hollow Murders: Playground of a Serial Killer,2025
1066,Hula,The Girl from Plainville,2022
1066,Hula,The Great,2020
1066,Hula,The Handmaid's Tale,2017
1066,Hula,The Kardashians,2022
1066,Hula,The Looming Tower,2018
1066,Hula,The Other Black Girl,2023
1066,Hula,The Patient,2022
1066,Hula,The Secret Lives of Mormon Wives,2024
1066,Hula,The Twisted Tale of Amanda Knox,2025
1066,Hula,Tiny Beautiful Things,2023
1066,Hula,Under the Banner of Heaven,2022
1066,Hula,Under the Bridge,2024
1066,Hula,Veronica Mars (Revival),2019
1066,Hula,Veronica Mars,2004
1066,Hula,Washington Black,2025
1066,Hula,We Were the Lucky Ones,2024
1066,Hula,Welcome to Chippendales,2022
1066,Hula,What We Do in the Shadows,2019
1066,Hula,Wu-Tang: An American Saga,2019
1066,Hula,Y: The Last Man,2021
1067,Paramountain+,1883,2021
1067,Paramountain+,1923,2022
1067,Paramountain+,A Gentleman in Moscow,2024
1067,Paramountain+,A Quiet Place: Day One,2024
1067,Paramountain+,Beavis and Butt-Head (2022),2022
1067,Paramountain+,Mike Judge's Beavis and Butt-Head,2022
1067,Paramountain+,Bob Marley: One Love,2024
1067,Paramountain+,Criminal Minds: Evolution,2022
1067,Paramountain+,Dexter: Original Sin,2024
1067,Paramountain+,Dexter: Resurrection,2025
1067,Paramountain+,Evil,2019
1067,Paramountain+,Fatal Attraction,2023
1067,Paramountain+,Frasier (Revival),2023
1067,Paramountain+,Frasier,2023
1067,Paramountain+,Girl Taken,2026
1067,Paramountain+,Grease: Rise of the Pink Ladies,2023
1067,Paramountain+,Halo,2022
1067,Paramountain+,Happy Face,2025
1067,Paramountain+,Kamp Koral,2021
1067,Paramountain+,Kamp Koral: SpongeBob's Under Years,2021
1067,Paramountain+,Knuckles,2024
1067,Paramountain+,Landman,2024
1067,Paramountain+,Lawmen: Bass Reeves,2023
1067,Paramountain+,Lioness,2023
1067,Paramountain+,Mayor of Kingstown,2021
1067,Paramountain+,Mission: Impossible - The Final Reckoning,2025
1067,Paramountain+,MobLand,2025
1067,Paramountain+,NCIS: Tony & Ziva,2025
1067,Paramountain+,Playing Gracie Darling,2025
1067,Paramountain+,Rabbit Hole,2023
1067,Paramountain+,RuPaul's Drag Race All Stars,2012
1067,Paramountain+,Rugrats (2021),2021
1067,Paramountain+,School Spirits,2023
1067,Paramountain+,School Spirits (2023),2023
1067,Paramountain+,Seal Team,2017
1067,Paramountain+,Sonic the Hedgehog 3,2024
1067,Paramountain+,South Park: Post Covid,2021
1067,Paramountain+,Special Ops: Lioness,2023
1067,Paramountain+,Star Trek: Discovery,2017
1067,Paramountain+,Star Trek: Lower Decks,2020
1067,Paramountain+,Star Trek: Picard,2020
1067,Paramountain+,Star Trek: Prodigy,2021
1067,Paramountain+,Star Trek: Section 31,2025
1067,Paramountain+,Star Trek: Starfleet Academy,2026
1067,Paramountain+,Star Trek: Strange New Worlds,2022
1067,Paramountain+,Survivor,2000
1067,Paramountain+,Tales of the Teenage Mutant Ninja Turtles,2024
1067,Paramountain+,Teenage Mutant Ninja Turtles: Mutant Mayhem,2023
1067,Paramountain+,The Agency,2024
1067,Paramountain+,The Challenge: All Stars,2021
1067,Paramountain+,The Crow Girl,2025
1067,Paramountain+,The Family Stallone,2023
1067,Paramountain+,The Good Fight,2017
1067,Paramountain+,The Offer,2022
1067,Paramountain+,Transformers One,2024
1067,Paramountain+,Tulsa King,2022
1067,Paramountain+,Why Women Kill,2019
1067,Paramountain+,Wolf Pack,2023
1067,Paramountain+,Yellowstone,2018
1067,Paramountain+,Zoey 102,2023
1067,Paramountain+,iCarly (2021),2021
1068,H.B.Yo Min,A Knight of the Seven Kingdoms,2026
1068,H.B.Yo Min,Adventure Time: Fionna and Cake,2023
1068,H.B.Yo Min,Allen v. Farrow,2021
1068,H.B.Yo Min,American Splendor,2003
1068,H.B.Yo Min,Amistad,1997
1068,H.B.Yo Min,Amy Schumer: Live at the Apollo,2015
1068,H.B.Yo Min,And Just Like That...,2021
1068,H.B.Yo Min,And the Band Played On,1993
1068,H.B.Yo Min,Andre the Giant,2018
1068,H.B.Yo Min,Avenue 5,2020
1068,H.B.Yo Min,Ballers,2015
1068,H.B.Yo Min,Band of Brothers,2001
1068,H.B.Yo Min,Banksy Does New York,2014
1068,H.B.Yo Min,Barry,2018
1068,H.B.Yo Min,Big Little Lies,2017
1068,H.B.Yo Min,Big Love,2006
1068,H.B.Yo Min,Bill Burr: One Night Stand,2005
1068,H.B.Yo Min,Bill Maher: Live from Oklahoma,2018
1068,H.B.Yo Min,Boardwalk Empire,2010
1068,H.B.Yo Min,Bob Saget: That Ain't Right,2007
1068,H.B.Yo Min,Bookie,2023
1068,H.B.Yo Min,Bored to Death,2009
1068,H.B.Yo Min,Born Into Brothels: Calcutta's Red Light Kids,2004
1068,H.B.Yo Min,Bury My Heart at Wounded Knee,2007
1068,H.B.Yo Min,Capturing the Friedmans,2003
1068,H.B.Yo Min,Carnivàle,2003
1068,H.B.Yo Min,Chernobyl,2019
1068,H.B.Yo Min,Chris Rock: Bring the Pain,1996
1068,H.B.Yo Min,Chris Rock: Never Scared,2004
1068,H.B.Yo Min,Citizenfour,2014
1068,H.B.Yo Min,Clear History,2013
1068,H.B.Yo Min,Coastal Elites,2020
1068,H.B.Yo Min,Cobain: Montage of Heck,2015
1068,H.B.Yo Min,Conan O'Brien Must Go,2024
1068,H.B.Yo Min,Creature Commandos,2024
1068,H.B.Yo Min,Curb Your Enthusiasm,2000
1068,H.B.Yo Min,DMZ,2022
1068,H.B.Yo Min,Dan Soder: Son of a Gary,2019
1068,H.B.Yo Min,Daniel Sloss: X,2019
1068,H.B.Yo Min,Dave Chappelle: HBO Comedy Half-Hour,1998
1068,H.B.Yo Min,Dave Chappelle: Killin' Them Softly,2000
1068,H.B.Yo Min,Deadwood,2004
1068,H.B.Yo Min,Dennis Miller: The Raw Feed,2003
1068,H.B.Yo Min,Don't Tell Mom the Babysitter's Dead,1991
1068,H.B.Yo Min,Doom Patrol,2019
1068,H.B.Yo Min,Dune: Prophecy,2024
1068,H.B.Yo Min,Duster,2025
1068,H.B.Yo Min,Eastbound & Down,2009
1068,H.B.Yo Min,Eddie Murphy: Delirious,1983
1068,H.B.Yo Min,Ellen DeGeneres: Here and Now,2003
1068,H.B.Yo Min,Ellen DeGeneres: The Beginning,2000
1068,H.B.Yo Min,Empire Falls,2005
1068,H.B.Yo Min,Enlightened,2011
1068,H.B.Yo Min,Entourage,2004
1068,H.B.Yo Min,Esme & Roy,2018
1068,H.B.Yo Min,Euphoria,2019
1068,H.B.Yo Min,Flight of the Conchords,2007
1068,H.B.Yo Min,Four Hours at the Capitol,2021
1068,H.B.Yo Min,Fraggle Rock,1983
1068,H.B.Yo Min,Friends,1994
1068,H.B.Yo Min,From the Earth to the Moon,1998
1068,H.B.Yo Min,Funny or Die Presents,2010
1068,H.B.Yo Min,Game Change,2012
1068,H.B.Yo Min,Game of Thrones,2011
1068,H.B.Yo Min,GasLand,2010
1068,H.B.Yo Min,Gasland Part II,2013
1068,H.B.Yo Min,Generation Kill,2008
1068,H.B.Yo Min,George Carlin's American Dream,2022
1068,H.B.Yo Min,George Carlin: Back in Town,1996
1068,H.B.Yo Min,George Carlin: Doin' It Again,1990
1068,H.B.Yo Min,George Carlin: Playin' with Your Head,1986
1068,H.B.Yo Min,George Carlin: What Am I Doing in New Jersey?,1988
1068,H.B.Yo Min,Gia,1998
1068,H.B.Yo Min,Girls,2012
1068,H.B.Yo Min,Gossip Girl (2021),2021
1068,H.B.Yo Min,Gremlins,2023
1068,H.B.Yo Min,Gremlins: Secrets of the Mogwai,2023
1068,H.B.Yo Min,HBO Comedy Half Hour: Dana Gould,1995
1068,H.B.Yo Min,Hacks,2021
1068,H.B.Yo Min,Hard Knocks,2001
1068,H.B.Yo Min,Harley Quinn,2019
1068,H.B.Yo Min,Hip-Hop Evolution,2016
1068,H.B.Yo Min,His Dark Materials,2019
1068,H.B.Yo Min,House of the Dragon,2022
1068,H.B.Yo Min,How To with John Wilson,2020
1068,H.B.Yo Min,I Love LA,2025
1068,H.B.Yo Min,I'll Be Gone in the Dark,2020
1068,H.B.Yo Min,IT: Welcome to Derry,2025
1068,H.B.Yo Min,In Treatment,2008
1068,H.B.Yo Min,In the Same Breath,2021
1068,H.B.Yo Min,Industry,2020
1068,H.B.Yo Min,Insecure,2016
1068,H.B.Yo Min,Inside The NFL,1977
1068,H.B.Yo Min,Irma Vep,2022
1068,H.B.Yo Min,"It's Florida, Man.",2024
1068,H.B.Yo Min,Jasmine,2025
1068,H.B.Yo Min,Jim Jefferies: I Swear to God,2009
1068,H.B.Yo Min,Juice WRLD: Into the Abyss,2021
1068,H.B.Yo Min,Julia (2022),2022
1068,H.B.Yo Min,Katrina Babies,2022
1068,H.B.Yo Min,Kite Man: Hell Yeah!,2024
1068,H.B.Yo Min,Last Week Tonight with John Oliver,2014
1068,H.B.Yo Min,Leaving Neverland,2019
1068,H.B.Yo Min,Lenny Bruce: Swear to Tell the Truth,1998
1068,H.B.Yo Min,Little Britain USA,2008
1068,H.B.Yo Min,Looney Tunes Cartoons,2020
1068,H.B.Yo Min,Louis C.K.: One Night Stand,2005
1068,H.B.Yo Min,Love & Death,2023
1068,H.B.Yo Min,Love Life,2020
1068,H.B.Yo Min,Lovecraft Country,2020
1068,H.B.Yo Min,Lucky Louie,2006
1068,H.B.Yo Min,Made For Love,2021
1068,H.B.Yo Min,Mare of Easttown,2021
1068,H.B.Yo Min,Maria Full of Grace,2004
1068,H.B.Yo Min,Martin Lawrence: You So Crazy,1994
1068,H.B.Yo Min,Michelle Wolf: Nice Lady,2017
1068,H.B.Yo Min,Mike Tyson: Undisputed Truth,2013
1068,H.B.Yo Min,Mind Over Murder,2022
1068,H.B.Yo Min,Mountainhead,2025
1068,H.B.Yo Min,"MoviePass, MovieCrash",2024
1068,H.B.Yo Min,Mr. Show,1995
1068,H.B.Yo Min,Mr. Show with Bob and David,1995
1068,H.B.Yo Min,My Big Fat Greek Wedding 2,2016
1068,H.B.Yo Min,My Mom Jayne,2025
1068,H.B.Yo Min,No Sudden Move,2021
1068,H.B.Yo Min,Olive Kitteridge,2014
1068,H.B.Yo Min,On Location: Redd Foxx,1978
1068,H.B.Yo Min,Our Flag Means Death,2022
1068,H.B.Yo Min,Oz,1997
1068,H.B.Yo Min,Paul F. Tompkins: Driven to Drink,1999
1068,H.B.Yo Min,Peacemaker,2022
1068,H.B.Yo Min,Perry Mason,2020
1068,H.B.Yo Min,Pete Holmes: Dirty Clean,2018
1068,H.B.Yo Min,Q: Into the Storm,2021
1068,H.B.Yo Min,Rain Dogs,2023
1068,H.B.Yo Min,Raised by Wolves,2020
1068,H.B.Yo Min,Real Sports with Bryant Gumbel,1995
1068,H.B.Yo Min,Recount,2008
1068,H.B.Yo Min,Rick and Morty,2013
1068,H.B.Yo Min,Roadrunner: A Film About Anthony Bourdain,2021
1068,H.B.Yo Min,Robin Williams Live on Broadway,2002
1068,H.B.Yo Min,Robin Williams: Come Inside My Mind,2018
1068,H.B.Yo Min,Rome,2005
1068,H.B.Yo Min,Scavengers Reign,2023
1068,H.B.Yo Min,Sesame Street,1969
1068,H.B.Yo Min,Sex and the City,1998
1068,H.B.Yo Min,Sharp Objects,2018
1068,H.B.Yo Min,Silicon Valley,2014
1068,H.B.Yo Min,Six Feet Under,2001
1068,H.B.Yo Min,Somebody Somewhere,2022
1068,H.B.Yo Min,Spawn,1997
1068,H.B.Yo Min,Station Eleven,2021
1068,H.B.Yo Min,Street Gang: How We Got to Sesame Street,2021
1068,H.B.Yo Min,Succession,2018
1068,H.B.Yo Min,T.J. Miller: Meticulously Ridiculous,2017
1068,H.B.Yo Min,Taken Together: Who Killed Lyric and Elizabeth?,2024
1068,H.B.Yo Min,Task,2025
1068,H.B.Yo Min,Temple Grandin,2010
1068,H.B.Yo Min,The Anarchists,2022
1068,H.B.Yo Min,The Big Bang Theory,2007
1068,H.B.Yo Min,The Brink,2015
1068,H.B.Yo Min,The Chair Company,2025
1068,H.B.Yo Min,The Corner,2000
1068,H.B.Yo Min,The Crime of the Century,2021
1068,H.B.Yo Min,The Deuce,2017
1068,H.B.Yo Min,The Fever,2004
1068,H.B.Yo Min,The Flight Attendant,2020
1068,H.B.Yo Min,The Franchise,2024
1068,H.B.Yo Min,The Gilded Age,2022
1068,H.B.Yo Min,The Invisible Pilot,2022
1068,H.B.Yo Min,The Jinx,2015
1068,H.B.Yo Min,The Kids in the Hall,1989
1068,H.B.Yo Min,The Larry Sanders Show,1992
1068,H.B.Yo Min,The Last Movie Stars,2022
1068,H.B.Yo Min,The Last of Us,2023
1068,H.B.Yo Min,The Latin Explosion: A New America,2015
1068,H.B.Yo Min,The Leftovers,2014
1068,H.B.Yo Min,The Life & Times of Tim,2008
1068,H.B.Yo Min,The Many Saints of Newark,2021
1068,H.B.Yo Min,The Nevers,2021
1068,H.B.Yo Min,The Night Of,2016
1068,H.B.Yo Min,The Normal Heart,2014
1068,H.B.Yo Min,The Outsider,2020
1068,H.B.Yo Min,The Pacific,2010
1068,H.B.Yo Min,The Penguin,2024
1068,H.B.Yo Min,The Pitt,2025
1068,H.B.Yo Min,The Plot Against America,2020
1068,H.B.Yo Min,The Regime,2024
1068,H.B.Yo Min,The Rehearsal,2022
1068,H.B.Yo Min,The Ricky Gervais Show,2010
1068,H.B.Yo Min,The Righteous Gemstones,2019
1068,H.B.Yo Min,The Seduction,2025
1068,H.B.Yo Min,The Sex Lives of College Girls,2021
1068,H.B.Yo Min,The Sopranos,1999
1068,H.B.Yo Min,The Staircase,2022
1068,H.B.Yo Min,The Sympathizer,2024
1068,H.B.Yo Min,The Tale of Peter Rabbit,1991
1068,H.B.Yo Min,The Third Day,2020
1068,H.B.Yo Min,The Time Traveler's Wife,2022
1068,H.B.Yo Min,The Undoing,2020
1068,H.B.Yo Min,The White Lotus,2021
1068,H.B.Yo Min,The Wire,2002
1068,H.B.Yo Min,There's Something Wrong with Aunt Diane,2011
1068,H.B.Yo Min,Three Amigos!,1986
1068,H.B.Yo Min,Tiger,2021
1068,H.B.Yo Min,Titans,2018
1068,H.B.Yo Min,Tokyo Vice,2022
1068,H.B.Yo Min,Tom and Jerry in New York,2021
1068,H.B.Yo Min,Treme,2010
1068,H.B.Yo Min,True Blood,2008
1068,H.B.Yo Min,True Detective,2014
1068,H.B.Yo Min,VICE,2013
1068,H.B.Yo Min,Veep,2012
1068,H.B.Yo Min,Velma,2023
1068,H.B.Yo Min,Volunteers,1985
1068,H.B.Yo Min,Watchmen,2019
1068,H.B.Yo Min,We Own This City,2022
1068,H.B.Yo Min,Westworld,2016
1068,H.B.Yo Min,When The Levees Broke: A Requiem in Four Acts,2006
1068,H.B.Yo Min,White House Plumbers,2023
1068,H.B.Yo Min,Whoopi Goldberg Presents Billy Connolly,1989
1068,H.B.Yo Min,Winning Time: The Rise of the Lakers Dynasty,2022
1068,H.B.Yo Min,You Don't Know Jack,2010
1069,Primary Video,Absentia,2017
1069,Primary Video,After the Hunt,2025
1069,Primary Video,Air,2023
1069,Primary Video,All or Nothing: Manchester City,2018
1069,Primary Video,Allen Iv3rson,2025
1069,Primary Video,Ballard,2025
1069,Primary Video,Batman: Caped Crusader,2024
1069,Primary Video,Beast Games,2024
1069,Primary Video,Being the Ricardos,2021
1069,Primary Video,Blink Twice,2024
1069,Primary Video,Bliss,2021
1069,Primary Video,Bosch,2014
1069,Primary Video,Bosch: Legacy,2022
1069,Primary Video,Brad's Status,2017
1069,Primary Video,Candy Cane Lane,2023
1069,Primary Video,Carnival Row,2019
1069,Primary Video,Challengers,2024
1069,Primary Video,Citadel,2023
1069,Primary Video,Clarkson's Farm,2021
1069,Primary Video,Class of '07,2023
1069,Primary Video,Coming 2 America,2021
1069,Primary Video,Cross,2024
1069,Primary Video,Cruel Intentions,2024
1069,Primary Video,Daisy Jones & The Six,2023
1069,Primary Video,Daisy Jones and The Six,2023
1069,Primary Video,Dead Ringers,2023
1069,Primary Video,Deep Cover,2025
1069,Primary Video,"Don't Worry, He Won't Get Far on Foot",2018
1069,Primary Video,Expats,2024
1069,Primary Video,Fallout,2024
1069,Primary Video,Fleabag,2016
1069,Primary Video,G20,2025
1069,Primary Video,Gen V,2023
1069,Primary Video,Goliath,2016
1069,Primary Video,Good Omens,2019
1069,Primary Video,Hanna,2019
1069,Primary Video,Harlan Coben's Lazarus,2025
1069,Primary Video,Harlan Coben's Shelter,2023
1069,Primary Video,Harlem,2021
1069,Primary Video,Hazbin Hotel,2024
1069,Primary Video,Heads of State,2025
1069,Primary Video,Holland,2025
1069,Primary Video,Homecoming,2018
1069,Primary Video,Hotel Costiera,2025
1069,Primary Video,House of David,2025
1069,Primary Video,Hunters,2020
1069,Primary Video,I Want You Back,2022
1069,Primary Video,Iliza Shlesinger: A Different Animal,2025
1069,Primary Video,Invincible,2021
1069,Primary Video,Jackpot!,2024
1069,Primary Video,James May: Our Man in...,2020
1069,Primary Video,Jim Gaffigan: Quality Time,2019
1069,Primary Video,Jolt,2021
1069,Primary Video,Jury Duty,2023
1069,Primary Video,Killer Heat,2024
1069,Primary Video,Kung Fu Panda: The Paws of Destiny,2018
1069,Primary Video,LOL: Last One Laughing UK,2025
1069,Primary Video,Legend of Vox Machina,2022
1069,Primary Video,Like a Dragon: Yakuza,2024
1069,Primary Video,Lorena,2019
1069,Primary Video,Loudermilk,2017
1069,Primary Video,Maintenance Required,2025
1069,Primary Video,Manchester by the Sea,2016
1069,Primary Video,Maxton Hall - The World Between Us,2024
1069,Primary Video,Mercy,2026
1069,Primary Video,Merv,2025
1069,Primary Video,Modern Love,2019
1069,Primary Video,Motorheads,2025
1069,Primary Video,Mr. & Mrs. Smith,2024
1069,Primary Video,My Fault,2023
1069,Primary Video,My Fault: London,2025
1069,Primary Video,My Lady Jane,2024
1069,Primary Video,My Policeman,2022
1069,Primary Video,Nate Bargatze: Hello World,2023
1069,Primary Video,Nautilus,2024
1069,Primary Video,Night Sky,2022
1069,Primary Video,Oh. What. Fun.,2025
1069,Primary Video,On Call,2025
1069,Primary Video,One Mississippi,2016
1069,Primary Video,One Night in Miami...,2020
1069,Primary Video,Outer Range,2022
1069,Primary Video,Overcompensating,2025
1069,Primary Video,Paper Girls,2022
1069,Primary Video,Patriot,2015
1069,Primary Video,Pete the Cat,2017
1069,Primary Video,Play Dirty,2025
1069,Primary Video,Playdate,2025
1069,Primary Video,Power On: The Story of Xbox,2021
1069,Primary Video,Reacher,2022
1069,Primary Video,Red Oaks,2014
1069,Primary Video,Red One,2024
1069,Primary Video,Relationship Goals,2026
1069,Primary Video,Road House,2024
1069,Primary Video,Saltburn,2023
1069,Primary Video,Sam Morril: You've Changed,2024
1069,Primary Video,Sarah's Oil,2025
1069,Primary Video,Secret Level,2024
1069,Primary Video,Sneaky Pete,2015
1069,Primary Video,Sound of Metal,2019
1069,Primary Video,Steal,2026
1069,Primary Video,Swarm,2023
1069,Primary Video,Tales from the Loop,2020
1069,Primary Video,Tell Me Your Secrets,2021
1069,Primary Video,The Assassin,2025
1069,Primary Video,The Better Sister,2025
1069,Primary Video,The Big Sick,2017
1069,Primary Video,The Bondsman,2025
1069,Primary Video,The Boys,2019
1069,Primary Video,The Boys Presents: Diabolical,2022
1069,Primary Video,The Boys in the Boat,2023
1069,Primary Video,The Calendar Killer,2025
1069,Primary Video,The Chosen,2019
1069,Primary Video,The Devil's Hour,2022
1069,Primary Video,The Edge of Sleep,2024
1069,Primary Video,The Expanse (Seasons 4-6),2019
1069,Primary Video,The Expanse,2015
1069,Primary Video,The Girlfriend,2025
1069,Primary Video,The Goldfinch,2019
1069,Primary Video,The Grand Tour,2016
1069,Primary Video,The Idea of You,2024
1069,Primary Video,The Legend of Vox Machina,2022
1069,Primary Video,The Lie,2018
1069,Primary Video,The Lord of the Rings: The Rings of Power,2022
1069,Primary Video,The Lost Flowers of Alice Hart,2023
1069,Primary Video,The Man in the High Castle,2015
1069,Primary Video,The Map That Leads to You,2025
1069,Primary Video,The Marvelous Mrs. Maisel,2017
1069,Primary Video,The Mighty Nein,2025
1069,Primary Video,The Narrow Road to the Deep North,2025
1069,Primary Video,The Office (AU),2024
1069,Primary Video,The Office,2024
1069,Primary Video,The People We Hate at the Wedding,2022
1069,Primary Video,The Peripheral,2022
1069,Primary Video,The Pickup,2025
1069,Primary Video,The Power,2023
1069,Primary Video,The Rig,2023
1069,Primary Video,The Runarounds,2025
1069,Primary Video,The Sticky,2024
1069,Primary Video,The Stinky & Dirty Show,2016
1069,Primary Video,The Summer I Turned Pretty,2022
1069,Primary Video,The Terminal List,2022
1069,Primary Video,The Terminal List: Dark Wolf,2025
1069,Primary Video,The Tomorrow War,2021
1069,Primary Video,The Underground Railroad,2021
1069,Primary Video,The Wheel of Time,2021
1069,Primary Video,The Wrecking Crew,2026
1069,Primary Video,Tig Notaro: Hello Again,2024
1069,Primary Video,Tom Clancy's Jack Ryan,2018
1069,Primary Video,Totally Killer,2023
1069,Primary Video,Transparent,2014
1069,Primary Video,Undone,2019
1069,Primary Video,Unstoppable,2024
1069,Primary Video,Upload,2020
1069,Primary Video,Watchmen: Motion Comic,2008
1069,Primary Video,We Were Liars,2025
1069,Primary Video,Wonderstruck,2017
1069,Primary Video,You're Cordially Invited,2025
1069,Primary Video,Your Fault,2024
1069,Primary Video,Étoile,2025
1070,Viewtime,American Rust,2021
1070,Viewtime,Billions,2016
1070,Viewtime,Black Monday,2019
1070,Viewtime,Bob Saget: That's What I'm Talkin' About,2013
1070,Viewtime,Californication,2007
1070,Viewtime,City on a Hill,2019
1070,Viewtime,Couples Therapy,2019
1070,Viewtime,Dane Cook: Troublemaker,2014
1070,Viewtime,Dead Like Me,2003
1070,Viewtime,Desus & Mero,2019
1070,Viewtime,Dexter,2006
1070,Viewtime,Dexter: New Blood,2021
1070,Viewtime,Eddie Griffin: Undeniable,2018
1070,Viewtime,Episodes,2011
1070,Viewtime,Escape at Dannemora,2018
1070,Viewtime,Fellow Travelers,2023
1070,Viewtime,Flatbush Misdemeanors,2021
1070,Viewtime,George & Tammy,2022
1070,Viewtime,Homeland,2011
1070,Viewtime,House of Lies,2012
1070,Viewtime,Inside Comedy,2012
1070,Viewtime,It's Garry Shandling's Show,1986
1070,Viewtime,Kidding,2018
1070,Viewtime,Let the Right One In,2022
1070,Viewtime,Masters of Sex,2013
1070,Viewtime,Nathan for You,2013
1070,Viewtime,Nurse Jackie,2009
1070,Viewtime,On Becoming a God in Central Florida,2019
1070,Viewtime,Operation Odessa,2018
1070,Viewtime,Penn & Teller: Bullshit!,2003
1070,Viewtime,Penny Dreadful,2014
1070,Viewtime,Penny Dreadful: City of Angels,2020
1070,Viewtime,Queer as Folk,2000
1070,Viewtime,Ray Donovan,2013
1070,Viewtime,Shameless (US),2011
1070,Viewtime,Shameless,2011
1070,Viewtime,Super Pumped,2022
1070,Viewtime,Super Pumped: The Battle for Uber,2022
1070,Viewtime,The Affair,2014
1070,Viewtime,The Big C,2010
1070,Viewtime,The Borgias,2011
1070,Viewtime,The Chi,2018
1070,Viewtime,The Curse,2023
1070,Viewtime,The Good Lord Bird,2020
1070,Viewtime,The L Word,2004
1070,Viewtime,The L Word: Generation Q,2019
1070,Viewtime,The Loudest Voice,2019
1070,Viewtime,The Man Who Fell to Earth,2022
1070,Viewtime,The Putin Interviews,2017
1070,Viewtime,The Tudors,2007
1070,Viewtime,The Untold History of the United States,2012
1070,Viewtime,Twin Peaks: The Return,2017
1070,Viewtime,Twin Peaks,2017
1070,Viewtime,Weeds,2005
1070,Viewtime,Who Is America?,2018
1070,Viewtime,Work in Progress,2019
1070,Viewtime,Yellowjackets,2021
1070,Viewtime,Your Honor,2020
1071,Munchyroll,Attack on Titan,2013
1071,Munchyroll,Chainsaw Man,2022
1071,Munchyroll,Cowboy Bebop,1998
1071,Munchyroll,Death Note,2006
1071,Munchyroll,Demon Slayer,2019
1071,Munchyroll,Demon Slayer: Kimetsu no Yaiba,2019
1071,Munchyroll,Dragon Ball Z,1989
1071,Munchyroll,Frieren: Beyond Journey's End,2023
1071,Munchyroll,Fullmetal Alchemist: Brotherhood,2009
1071,Munchyroll,Hunter x Hunter,2011
1071,Munchyroll,Jujutsu Kaisen,2020
1071,Munchyroll,My Hero Academia,2016
1071,Munchyroll,Naruto,2002
1071,Munchyroll,One Piece,1999
1071,Munchyroll,Pokémon,1997
1071,Munchyroll,Samurai Champloo,2004
1071,Munchyroll,Solo Leveling,2024
1071,Munchyroll,Spy x Family,2022
1071,Munchyroll,Star Wars: Visions,2021
1071,Munchyroll,Trigun,1998
1089,The 1950's,Movies,Various
1090,The 1960's,Movies,Various
1091,The 1970's,Movies,Various
1092,The 1980's,Movies,Various
1093,The 1990's,Movies,Various
1094,The 2000's,Movies,Various
1095,The 2010's,Movies,Various
1096,The 2020's,Movies,Various
1097,Adrenaline,Action Movies,Various
1098,Punchline,Comedy Movies,Various
1099,Spotlight,Drama Movies,Various
1100,The Frontier,Western Movies,Various
1101,Family Room,Family Movies,Various
1102,Case Closed,Crime Movies,Various
1103,Battleground,War Movies,Various
1104,Event Horizon,Sci-Fi Movies,Various
1105,Heartstrings,Romance Movies,Various
1106,Cliffhanger,Thriller Movies,Various
1107,Spellbound,Fantasy Movies,Various
1108,Uncharted,Adventure Movies,Various
1109,Showstopper,Musical Movies,Various
1110,ComicVerse,Superhero Movies,Various
1110,ComicVerse,X-Men,2000
1110,ComicVerse,Spider-Man,2002
1110,ComicVerse,X2: X-Men United,2003
1110,ComicVerse,Hulk,2003
1110,ComicVerse,Spider-Man 2,2004
1110,ComicVerse,Fantastic Four,2005
1110,ComicVerse,X-Men: The Last Stand,2006
1110,ComicVerse,Superman Returns,2006
1110,ComicVerse,Spider-Man 3,2007
1110,ComicVerse,Fantastic Four: Rise of the Silver Surfer,2007
1110,ComicVerse,Superhero Movie,2008
1110,ComicVerse,Iron Man,2008
1110,ComicVerse,The Incredible Hulk,2008
1110,ComicVerse,X-Men Origins: Wolverine,2009
1110,ComicVerse,Iron Man 2,2010
1110,ComicVerse,Thor,2011
1110,ComicVerse,X-Men: First Class,2011
1110,ComicVerse,Captain America: The First Avenger,2011
1110,ComicVerse,The Avengers,2012
1110,ComicVerse,The Amazing Spider-Man,2012
1110,ComicVerse,Iron Man 3,2013
1110,ComicVerse,Man of Steel,2013
1110,ComicVerse,The Wolverine,2013
1110,ComicVerse,Thor: The Dark World,2013
1110,ComicVerse,Captain America: The Winter Soldier,2014
1110,ComicVerse,The Amazing Spider-Man 2,2014
1110,ComicVerse,X-Men: Days of Future Past,2014
1110,ComicVerse,Guardians of the Galaxy,2014
1110,ComicVerse,Avengers: Age of Ultron,2015
1110,ComicVerse,Ant-Man,2015
1110,ComicVerse,Fantastic Four,2015
1110,ComicVerse,Deadpool,2016
1110,ComicVerse,Captain America: Civil War,2016
1110,ComicVerse,X-Men: Apocalypse,2016
1110,ComicVerse,Suicide Squad,2016
1110,ComicVerse,Doctor Strange,2016
1110,ComicVerse,Logan,2017
1110,ComicVerse,Guardians of the Galaxy: Vol. 2,2017
1110,ComicVerse,Thor: Ragnarok,2017
1110,ComicVerse,Black Panther,2018
1110,ComicVerse,Avengers: Infinity War,2018
1110,ComicVerse,Deadpool 2,2018
1110,ComicVerse,Ant-Man and the Wasp,2018
1110,ComicVerse,Venom,2018
1110,ComicVerse,Aquaman,2018
1110,ComicVerse,Captain Marvel,2019
1110,ComicVerse,Shazam!,2019
1110,ComicVerse,Avengers: Endgame,2019
1110,ComicVerse,X-Men: Dark Phoenix,2019
1110,ComicVerse,Spider-Man: Far from Home,2019
1110,ComicVerse,Joker,2019
1110,ComicVerse,Wonder Woman 1984,2020
1110,ComicVerse,Zack Snyder's Justice League,2021
1110,ComicVerse,Black Widow,2021
1110,ComicVerse,The Suicide Squad,2021
1110,ComicVerse,Shang-Chi and the Legend of the Ten Rings,2021
1110,ComicVerse,Venom: Let There Be Carnage,2021
1110,ComicVerse,Spider-Man: No Way Home,2021
1110,ComicVerse,The Batman,2022
1110,ComicVerse,Morbius,2022
1110,ComicVerse,Doctor Strange in the Multiverse of Madness,2022
1110,ComicVerse,Black Adam,2022
1110,ComicVerse,Black Panther: Wakanda Forever,2022
1110,ComicVerse,Ant-Man and the Wasp: Quantumania,2023
1110,ComicVerse,Shazam! Fury of the Gods,2023
1110,ComicVerse,Guardians of the Galaxy Vol. 3,2023
1110,ComicVerse,The Flash,2023
1110,ComicVerse,Blue Beetle,2023
1110,ComicVerse,The Marvels,2023
1110,ComicVerse,Aquaman and the Lost Kingdom,2023
1110,ComicVerse,Madame Web,2024
1110,ComicVerse,Deadpool & Wolverine,2024
1110,ComicVerse,Kraven the Hunter,2024
1110,ComicVerse,Captain America: Brave New World,2025
1110,ComicVerse,Thunderbolts*,2025
1110,ComicVerse,Superman,1978
1110,ComicVerse,Superman II,1980
1110,ComicVerse,Superman III,1983
1110,ComicVerse,Superman IV: The Quest for Peace,1987
1110,ComicVerse,Batman,1989
1110,ComicVerse,Batman Returns,1992
1110,ComicVerse,Batman Forever,1995
1110,ComicVerse,Batman & Robin,1997
1110,ComicVerse,Batman Begins,2005
1110,ComicVerse,The Dark Knight,2008
1110,ComicVerse,The Dark Knight Rises,2012
1110,ComicVerse,Batman v Superman: Dawn of Justice,2016
1110,ComicVerse,Wonder Woman,2017
1110,ComicVerse,Justice League,2017
1110,ComicVerse,Birds of Prey,2020
1110,ComicVerse,Birds of Prey (and the Fantabulous Emancipation of One Harley Quinn),2020
1110,ComicVerse,The New Mutants,2020
1110,ComicVerse,Spider-Man: Homecoming,2017
1110,ComicVerse,Spider-Man: Into the Spider-Verse,2018
1110,ComicVerse,Spider-Man: Across the Spider-Verse,2023
1110,ComicVerse,Eternals,2021
1110,ComicVerse,Venom: The Last Dance,2024
1110,ComicVerse,Blade,1998
1110,ComicVerse,Blade II,2002
1110,ComicVerse,Blade: Trinity,2004
1110,ComicVerse,Daredevil,2003
1110,ComicVerse,Elektra,2005
1110,ComicVerse,Ghost Rider,2007
1110,ComicVerse,Ghost Rider: Spirit of Vengeance,2011
1110,ComicVerse,The Punisher,2004
1110,ComicVerse,Punisher: War Zone,2008
1110,ComicVerse,Hellboy,2004
1110,ComicVerse,Hellboy II: The Golden Army,2008
1110,ComicVerse,Hellboy,2019
1110,ComicVerse,Watchmen,2009
1110,ComicVerse,Kick-Ass,2010
1110,ComicVerse,Kick-Ass 2,2013
1110,ComicVerse,The Crow,1994
1110,ComicVerse,Spawn,1997
1110,ComicVerse,Darkman,1990
1110,ComicVerse,The Rocketeer,1991
1110,ComicVerse,The Phantom,1996
1110,ComicVerse,The Shadow,1994
1110,ComicVerse,Mystery Men,1999
1110,ComicVerse,Unbreakable,2000
1110,ComicVerse,Glass,2019
1110,ComicVerse,Hancock,2008
1110,ComicVerse,Chronicle,2012
1110,ComicVerse,Sky High,2005
1110,ComicVerse,Megamind,2010
1110,ComicVerse,The Incredibles,2004
1110,ComicVerse,Incredibles 2,2018
1110,ComicVerse,Big Hero 6,2014
1110,ComicVerse,The Green Hornet,2011
1110,ComicVerse,Green Lantern,2011
1110,ComicVerse,Catwoman,2004
1110,ComicVerse,Constantine,2005
1110,ComicVerse,Superman,2025
1110,ComicVerse,The Fantastic Four: First Steps,2025
1110,ComicVerse,Thor: Love and Thunder,2022
1110,ComicVerse,The Fantastic 4: First Steps,2025
1111,TeleMondo,The Rich Also Cry,1979
1111,TeleMondo,Los ricos también lloran,1979
1111,TeleMondo,Den of Wolves,1986
1111,TeleMondo,Cuna de Lobos,1986
1111,TeleMondo,Rosa Salvaje,1987
1111,TeleMondo,Quinceañera,1987
1111,TeleMondo,Simplemente Maria,1989
1111,TeleMondo,María Mercedes,1992
1111,TeleMondo,Corazón salvaje,1992
1111,TeleMondo,Marimar,1994
1111,TeleMondo,Café con Aroma de Mujer,1994
1111,TeleMondo,María la del Barrio,1995
1111,TeleMondo,Mirada de Mujer,1997
1111,TeleMondo,Deceptions,1998
1111,TeleMondo,La usurpadora,1998
1111,TeleMondo,La Mentira,1998
1111,TeleMondo,"Yo soy Betty, la fea",1999
1111,TeleMondo,Rebelde Way,2002
1111,TeleMondo,Amor Real,2003
1111,TeleMondo,Pasión de Gavilanes,2003
1111,TeleMondo,Rubí,2004
1111,TeleMondo,Rebelde,2004
1111,TeleMondo,Alborada,2005
1111,TeleMondo,La Madrastra,2005
1111,TeleMondo,Distilling Love,2007
1111,TeleMondo,Destilando amor,2007
1111,TeleMondo,Burning for Revenge,2008
1111,TeleMondo,Fuego en la Sangre,2008
1111,TeleMondo,Without Breasts There Is No Paradise,2008
1111,TeleMondo,Sin senos no hay paraíso,2008
1111,TeleMondo,El Clon,2010
1111,TeleMondo,Soy tu dueña,2010
1111,TeleMondo,Teresa,2010
1111,TeleMondo,Triumph of Love,2010
1111,TeleMondo,Triunfo del amor,2010
1111,TeleMondo,La Reina del Sur,2011
1111,TeleMondo,What Life Took From Me,2013
1111,TeleMondo,Lo Que La Vida Me Robó,2013
1111,TeleMondo,El Señor de los Cielos,2013
1111,TeleMondo,La Malquerida,2014
1111,TeleMondo,Senora Acero,2014
1111,TeleMondo,La Doña,2016
1111,TeleMondo,Silvana Sin Lana,2016
1111,TeleMondo,Betty in New York,2019
1111,TeleMondo,Betty en NY,2019
1111,TeleMondo,El Chavo del Ocho,1973
1111,TeleMondo,El Chapulín Colorado,1973
1111,TeleMondo,Chespirito,1980
1111,TeleMondo,La familia P. Luche,2002
1111,TeleMondo,Vecinos,2005
1111,TeleMondo,Una familia de diez,2007
1111,TeleMondo,Nosotros los Guapos,2016
1111,TeleMondo,Club de Cuervos,2015
1111,TeleMondo,El Chapo,2017
1111,TeleMondo,Ingobernable,2017
1111,TeleMondo,The House of Flowers,2018
1111,TeleMondo,La casa de las flores,2018
1111,TeleMondo,Luis Miguel: The Series,2018
1111,TeleMondo,Luis Miguel: La Serie,2018
1111,TeleMondo,Sábado Gigante,1962
1111,TeleMondo,Caso Cerrado,2002
1112,Benchmark Hits,Grand Illusion,1937
1112,Benchmark Hits,The Rules of the Game,1939
1112,Benchmark Hits,Beauty and the Beast,1946
1112,Benchmark Hits,The Wages of Fear,1953
1112,Benchmark Hits,The 400 Blows,1959
1112,Benchmark Hits,Black Orpheus,1959
1112,Benchmark Hits,Breathless,1960
1112,Benchmark Hits,Jules and Jim,1962
1112,Benchmark Hits,Contempt,1963
1112,Benchmark Hits,The Umbrellas of Cherbourg,1964
1112,Benchmark Hits,Playtime,1967
1112,Benchmark Hits,Le Samouraï,1967
1112,Benchmark Hits,Army of Shadows,1969
1112,Benchmark Hits,Beau Travail,1999
1112,Benchmark Hits,Portrait of a Lady on Fire,2019
1112,Benchmark Hits,The Passion of Joan of Arc,1928
1112,Benchmark Hits,"Rome, Open City",1945
1112,Benchmark Hits,Bicycle Thieves,1948
1112,Benchmark Hits,Umberto D.,1952
1112,Benchmark Hits,La Strada,1954
1112,Benchmark Hits,La Dolce Vita,1960
1112,Benchmark Hits,L'Avventura,1960
1112,Benchmark Hits,8½,1963
1112,Benchmark Hits,The Leopard,1963
1112,Benchmark Hits,The Battle of Algiers,1966
1112,Benchmark Hits,Amarcord,1973
1112,Benchmark Hits,Late Spring,1949
1112,Benchmark Hits,Rashomon,1950
1112,Benchmark Hits,Ikiru,1952
1112,Benchmark Hits,Tokyo Story,1953
1112,Benchmark Hits,Ugetsu,1953
1112,Benchmark Hits,Seven Samurai,1954
1112,Benchmark Hits,Sansho the Bailiff,1954
1112,Benchmark Hits,Throne of Blood,1957
1112,Benchmark Hits,Yojimbo,1961
1112,Benchmark Hits,Harakiri,1962
1112,Benchmark Hits,High and Low,1963
1112,Benchmark Hits,Woman in the Dunes,1964
1112,Benchmark Hits,Ran,1985
1112,Benchmark Hits,Drive My Car,2021
1112,Benchmark Hits,Perfect Days,2023
1112,Benchmark Hits,Vampyr,1932
1112,Benchmark Hits,Day of Wrath,1943
1112,Benchmark Hits,Ordet,1955
1112,Benchmark Hits,The Seventh Seal,1957
1112,Benchmark Hits,Wild Strawberries,1957
1112,Benchmark Hits,Cries and Whispers,1972
1112,Benchmark Hits,Fanny and Alexander,1982
1112,Benchmark Hits,Alexander Nevsky,1938
1112,Benchmark Hits,The Cranes Are Flying,1957
1112,Benchmark Hits,Andrei Rublev,1966
1112,Benchmark Hits,Solaris,1972
1112,Benchmark Hits,Stalker,1979
1112,Benchmark Hits,Come and See,1985
1112,Benchmark Hits,The Life and Death of Colonel Blimp,1943
1112,Benchmark Hits,Brief Encounter,1945
1112,Benchmark Hits,Black Narcissus,1947
1112,Benchmark Hits,The Red Shoes,1948
1112,Benchmark Hits,The Third Man,1949
1112,Benchmark Hits,Kind Hearts and Coronets,1949
1112,Benchmark Hits,M,1931
1112,Benchmark Hits,The Tin Drum,1979
1112,Benchmark Hits,Wings of Desire,1987
1112,Benchmark Hits,Viridiana,1961
1112,Benchmark Hits,The Discreet Charm of the Bourgeoisie,1972
1112,Benchmark Hits,The Spirit of the Beehive,1973
1112,Benchmark Hits,Cronos,1993
1112,Benchmark Hits,Y Tu Mamá También,2001
1112,Benchmark Hits,Pan's Labyrinth,2006
1112,Benchmark Hits,Pather Panchali,1955
1112,Benchmark Hits,The World of Apu,1959
1112,Benchmark Hits,The Housemaid,1960
1112,Benchmark Hits,A Brighter Summer Day,1991
1112,Benchmark Hits,Chungking Express,1994
1112,Benchmark Hits,In the Mood for Love,2000
1112,Benchmark Hits,Yi Yi,2000
1112,Benchmark Hits,Parasite,2019
1112,Benchmark Hits,Safety Last!,1923
1112,Benchmark Hits,The Gold Rush,1925
1112,Benchmark Hits,It Happened One Night,1934
1112,Benchmark Hits,Modern Times,1936
1112,Benchmark Hits,His Girl Friday,1940
1112,Benchmark Hits,On the Waterfront,1954
1112,Benchmark Hits,Paths of Glory,1957
1112,Benchmark Hits,Dr. Strangelove or: How I Learned to Stop Worrying and Love the Bomb,1964
1112,Benchmark Hits,Night of the Living Dead,1968
1112,Benchmark Hits,Badlands,1973
1112,Benchmark Hits,Eraserhead,1977
1112,Benchmark Hits,Do the Right Thing,1989
1112,Benchmark Hits,Mulholland Drive,2001
1112,Benchmark Hits,Citizen Kane,1941
1112,Benchmark Hits,Sunset Boulevard,1950
1112,Benchmark Hits,Vertigo,1958
1112,Benchmark Hits,Persona,1966
1112,Benchmark Hits,"Aguirre, the Wrath of God",1972
1112,Benchmark Hits,Metropolis,1927
1112,Benchmark Hits,Some Like It Hot,1959
1112,Benchmark Hits,12 Angry Men,1957
1112,Benchmark Hits,2001: A Space Odyssey,1968
1112,Benchmark Hits,Chinatown,1974
1112,Benchmark Hits,Taxi Driver,1976
1112,Benchmark Hits,Apocalypse Now,1979
1112,Benchmark Hits,Spirited Away,2001
1112,Benchmark Hits,Oldboy,2003
1113,Oscar Hits,Wings,1927
1113,Oscar Hits,The Broadway Melody,1929
1113,Oscar Hits,All Quiet on the Western Front,1930
1113,Oscar Hits,Cimarron,1931
1113,Oscar Hits,Grand Hotel,1932
1113,Oscar Hits,Cavalcade,1933
1113,Oscar Hits,It Happened One Night,1934
1113,Oscar Hits,Mutiny on the Bounty,1935
1113,Oscar Hits,The Great Ziegfeld,1936
1113,Oscar Hits,The Life of Emile Zola,1937
1113,Oscar Hits,You Can't Take It with You,1938
1113,Oscar Hits,Gone with the Wind,1939
1113,Oscar Hits,Rebecca,1940
1113,Oscar Hits,How Green Was My Valley,1941
1113,Oscar Hits,Mrs. Miniver,1942
1113,Oscar Hits,Casablanca,1942
1113,Oscar Hits,Going My Way,1944
1113,Oscar Hits,The Lost Weekend,1945
1113,Oscar Hits,The Best Years of Our Lives,1946
1113,Oscar Hits,Gentleman's Agreement,1947
1113,Oscar Hits,Hamlet,1948
1113,Oscar Hits,All the King's Men,1949
1113,Oscar Hits,All About Eve,1950
1113,Oscar Hits,An American in Paris,1951
1113,Oscar Hits,The Greatest Show on Earth,1952
1113,Oscar Hits,From Here to Eternity,1953
1113,Oscar Hits,On the Waterfront,1954
1113,Oscar Hits,Marty,1955
1113,Oscar Hits,Around the World in 80 Days,1956
1113,Oscar Hits,The Bridge on the River Kwai,1957
1113,Oscar Hits,Gigi,1958
1113,Oscar Hits,Ben-Hur,1959
1113,Oscar Hits,The Apartment,1960
1113,Oscar Hits,West Side Story,1961
1113,Oscar Hits,Lawrence of Arabia,1962
1113,Oscar Hits,Tom Jones,1963
1113,Oscar Hits,My Fair Lady,1964
1113,Oscar Hits,The Sound of Music,1965
1113,Oscar Hits,A Man for All Seasons,1966
1113,Oscar Hits,In the Heat of the Night,1967
1113,Oscar Hits,Oliver!,1968
1113,Oscar Hits,Midnight Cowboy,1969
1113,Oscar Hits,Patton,1970
1113,Oscar Hits,The French Connection,1971
1113,Oscar Hits,The Godfather,1972
1113,Oscar Hits,The Sting,1973
1113,Oscar Hits,The Godfather Part II,1974
1113,Oscar Hits,One Flew Over the Cuckoo's Nest,1975
1113,Oscar Hits,Rocky,1976
1113,Oscar Hits,Annie Hall,1977
1113,Oscar Hits,The Deer Hunter,1978
1113,Oscar Hits,Kramer vs. Kramer,1979
1113,Oscar Hits,Ordinary People,1980
1113,Oscar Hits,Chariots of Fire,1981
1113,Oscar Hits,Gandhi,1982
1113,Oscar Hits,Terms of Endearment,1983
1113,Oscar Hits,Amadeus,1984
1113,Oscar Hits,Out of Africa,1985
1113,Oscar Hits,Platoon,1986
1113,Oscar Hits,The Last Emperor,1987
1113,Oscar Hits,Rain Man,1988
1113,Oscar Hits,Driving Miss Daisy,1989
1113,Oscar Hits,Dances with Wolves,1990
1113,Oscar Hits,The Silence of the Lambs,1991
1113,Oscar Hits,Unforgiven,1992
1113,Oscar Hits,Schindler's List,1993
1113,Oscar Hits,Forrest Gump,1994
1113,Oscar Hits,Braveheart,1995
1113,Oscar Hits,The English Patient,1996
1113,Oscar Hits,Titanic,1997
1113,Oscar Hits,Shakespeare in Love,1998
1113,Oscar Hits,American Beauty,1999
1113,Oscar Hits,Gladiator,2000
1113,Oscar Hits,A Beautiful Mind,2001
1113,Oscar Hits,Chicago,2002
1113,Oscar Hits,The Lord of the Rings: The Return of the King,2003
1113,Oscar Hits,Million Dollar Baby,2004
1113,Oscar Hits,Crash,2005
1113,Oscar Hits,The Departed,2006
1113,Oscar Hits,No Country for Old Men,2007
1113,Oscar Hits,Slumdog Millionaire,2008
1113,Oscar Hits,The Hurt Locker,2008
1113,Oscar Hits,The King's Speech,2010
1113,Oscar Hits,The Artist,2011
1113,Oscar Hits,Argo,2012
1113,Oscar Hits,12 Years a Slave,2013
1113,Oscar Hits,Birdman or (The Unexpected Virtue of Ignorance),2014
1113,Oscar Hits,Spotlight,2015
1113,Oscar Hits,Moonlight,2016
1113,Oscar Hits,The Shape of Water,2017
1113,Oscar Hits,Green Book,2018
1113,Oscar Hits,Parasite,2019
1113,Oscar Hits,Nomadland,2020
1113,Oscar Hits,CODA,2021
1113,Oscar Hits,Everything Everywhere All at Once,2022
1113,Oscar Hits,Oppenheimer,2023
1113,Oscar Hits,Anora,2024
1113,Oscar Hits,One Battle After Another,2025
